NFT,Sector,Project,Blockchain,Contract Address,Latest Transaction,Marketplace URL,Brand Owner,Native Web 3,Twitter Followers,People,Utility,Description,Notes,Date Launched,Total NFTs,Initial Sale Revenue $,Royalty Revenue $,Onchain Ramp,Royalty,Marketplace,URLs,Twitter URL,Category,,,,,,,,,,,,,,,,,,
FEWOCiOUS X RTFKT,Fashion,Next-gen sneakers,Ethereum,0x2250D7c238392f4B575Bb26c672aFe45F0ADcb75,24 Nov 2023,https://opensea.io/collection/fewocious-x-rtfkt,,,,,,"Creator led organisation, formed by three friends at the beginning of the COVID era, RTFKT creates Next-gen sneakers and collectibles for the Metaverse.",,"February, 2021",,$3.1 Million,,,10%,Opensea,https://hypebeast.com/2021/3/rtfkt-studios-fewocious-sale-nfts,,,,,,,,,,,,,,,,,,,,,,
Louis Vuitton,Fashion,Louis: The Game,Polygon,0x2953399124F0cBB46d2CbACD8A89cF0599974963,,https://opensea.io/assets/matic/0x2953399124f0cbb46d2cbacd8a89cf0599974963/4087866893934983332925746214273611490076258465477335146371786590649579471348,LVMH,,,,,The game sees you accompany a virtual character named Vivienne to help her through a virtual world where you'll search and collect exclusive NFT postcards.,,"August, 2021",,,,,,,https://www.entrepreneur.com/article/425088,,,,,,,,,,,,,,,,,,,,,,
,,,Ethereum,0x56215538DD8419A16cd86e22229321CD9826FF33,,https://opensea.io/assets/ethereum/0x56215538dd8419a16cd86e22229321cd9826ff33/21,,,,,,,,,,,,,,,,,,,,,,,,,,,,,,,,,,,,,
Burberry X Mythical Games,Fashion,Blankos Block Party,Ethereum,0x4bBCc727822b99330BF164C0972Fcf1b537CAA78,30 Oct 2023,https://opensea.io/collection/blankosblockparty,,,,,,"Blankos Block Party is a multiplayer party game featuring digital vinyl toys (called Blankos) that live on a blockhain. In other words, it's basically like a virtual safe of one's acquisition of digital toys. Burberry is the first luxury brand making its debut in the game.",,"August, 2021",,,,,5%,Opensea,https://www.voguebusiness.com/technology/burberry-brings-back-the-blankos-block-party-nft-based-game,,,,,,,,,,,,,,,,,,,,,,
Dolce & Gabbana,Fashion,Collezione Genesi,Ethereum,0xd71B53FE1Df51075c5a965956cdc87421C2fFeD7,no activity on opensea; not found in DB,https://opensea.io/collection/dolce-gabbana-collezione-genesi,,,,,,"Collezione Genesi was the first luxury NFT collection that involves both digital and physical works, truly bridging the physical and the metaphysical.This 9-piece, one-of-a-kind collection was personally designed by Domenico Dolce and Stefano Gabbana exclusively for UNXD.","""The Dog Crown"" - highest price, $1.25 Million; marketplace UNXD, polygon network","September, 2021",,$5.7 Million,,,10%,Opensea,https://www.nytimes.com/2021/10/04/style/dolce-gabbana-nft.html,,,,,,,,,,,,,,,,,,,,,,
Jimmy Choo,Fashion,,Binance,0x1dDB2C0897daF18632662E71fdD2dbDC0eB3a9Ec,,https://www.binance.com/en/nft/eventTemplate/502351999250022400,,,,,,"The auction includes a collaboration with New York artist, Eric Haze for a one-of-a-kind NFT which features a digital version of a sneaker produced for the JIMMY CHOO / ERIC HAZE CURATED BY POGGY collaboration.",,"October, 2021",,,,,,Binance NFT,https://www.binance.com/en/support/announcement/dc436553c49540eeadfc5fd91c2a08f2,,,,,,,,,,,,,,,,,,,,,,
Adidas X Bored Ape Yacht Club,Fashion,Into the Metaverse,Ethereum,0x28472a58A490c5e09A238847F66A68a47cC76f0f,4 Dec 2023,https://opensea.io/collection/adidasoriginals ,,,,,"access to special physical goods, like a hoodie and the tracksuit worn by the Bored Ape that Adidas owns, and upcoming digital experiences.","Gives the consumers access to virtual wearables for The Sandbox, a blockchain-based gaming world. NFT buyers will also be able to purchase exclusive merchandise drops including a hoodie featuring a blockchain address, a tracksuit and Gmoney�s iconic orange beanie.",,"December,2021",,$23 Million,,,10%,Opensea,https://www.theindustry.fashion/adidas-announces-into-the-metaverse-nft-launch-alongside-streetwear-drop/,,,,,,,,,,,,,,,,,,,,,,
Prada X Adidas Orginals,Fashion,Re-source,Polygon,0x7Dec38e3874ECbc842Cc61E66C1386aca0C0EA1F,,https://opensea.io/collection/adidas-for-prada-re-source,,,,,,"Adidas for Prada re-source is a first-of-its-kind NFT project featuring creator-owned art, in collaboration with digital artist Zach Lieberman",,"January, 2022",,,,,6%,Opensea,https://www.voguebusiness.com/technology/prada-expands-web3-offer-with-product-linked-nft-drop-and-discord-launch,,,,,,,,,,,,,,,,,,,,,,
Superplastic X GUCCI,Fashion,SuperGucci,Ethereu m,0x78d61C684A992b0289Bbfe58Aaa2659F667907f8,3 Dec 2023,https://opensea.io/collection/superplastic-supergucci,,,,,,"SUPERGUCCI is a two-part series of ultra-limited NFTs co-created by Gucci's Creative Director where each NFT incorporates house codes found in the Gucci Aria collection, and unlocks an exclusive 8-inch tall white ceramic SUPERGUCCI sculpture, hand-crafted by ceramicists in Italy. Limited to 500 hand numbered pieces.",,"February,2022",,,,,5%,Opensea,https://www.highsnobiety.com/p/gucci-superplastic-supergucci-nft-collab/,,,,,,,,,,,,,,,,,,,,,,
KENZO ,Fashion,,Polygon,0x5ad184384fC605863c130306a35C9fc9C24144f2,3 Jun 2023,https://opensea.io/collection/kenzo-boke-flower/activity,,,,,,"KENZO unveiled the first limited-edition capsule with NIGO on 5 February 2022 and has forayed into the Metaverse by announcing the launch of 100 limited-edition NFTs. The digital artworks are inspired by the Japanese designer�s take on the Boke flower motif, which is a popular and significant quince bush in Japan. The flowers only bloom during spring in February.",,"February, 2022",,,,,,,https://www.lifestyleasia.com/sg/gear/tech/kenzo-enters-the-nft-scene-to-mark-boke-flower-collection-with-nigo/,,,,,,,,,,,,,,,,,,,,,,
10KTF X Gucci,Fashion,10KTF Gucci Grail,Ethereum,0x572E33FFa523865791aB1C26B42a86aC244Df784,4 Dec 2023,https://opensea.io/collection/10ktf-gucci-grail,,,,,,A unique collection of personalized NFTs envisioned by Alessandro Michele and crafted by digital artisan Wagmi-san.,,"March, 2022",,,,,5%,Opensea,https://www.gucci.com/us/en/st/stories/article/10ktf-gucci-grail,,,,,,,,,,,,,,,,,,,,,,
Nike,Fashion,Cryptokicks,Ethereum,0xF661D58cfE893993b11D53d11148c4650590C692,4 Dec 2023,https://opensea.io/collection/rtfkt-nike-cryptokicks,,,,,,"A digital fashion brand RTFKT Studios revealed Nike CryptoKicks, a new collection of customizable non-fungible token (NFT) sneakers.",,April 2022,,,,,10%,Opensea,https://www.nytimes.com/2022/05/26/style/nike-nft-sneaker.html,,,,,,,,,,,,,,,,,,,,,,
Prada,Fashion,Limited edition - Timecapsule,Ethereum,0x0e220A4F3957C17a2e780922DBC13Cb2C9aa4274,4 Dec 2023,https://opensea.io/collection/pradatimecapsule?search[isSingleCollection]=true,,,,NOTE: Names of people mentioned in the articles and what they do at the respecrive place.,,"Launched for the first time on December 5, 2019, Prada Timecapsule is a monthly online event. For 24 hours, each first Thursday, an exclusive item which forms part of this collection is made available on prada.com in very limited quantities in selected markets. Now Prada Timecapsule is renewed by entering a new phase and expanding its creative presence in the Web3 with the Timecapsule NFT Collection: each limited edition physical product will be accompanied by a gifted NFT.",,"June, 2022",,,,,10%,Opensea,https://www.voguebusiness.com/technology/prada-expands-web3-offer-with-product-linked-nft-drop-and-discord-launch,,,,,,,,,,,,,,,,,,,,,,
Bulgari,Fashion,Octo Finissimo Ultra NFT,Polygon,,,,,,,,,"the newest Octo Finissimo Ultra watch, which is said to be the world's thinnest mechanical watch, is the Octo Finissimo Ultra NFT. The 137-year-old Italian luxury brand also released the BVLGARI Singularity NFT","Done in partnership with Milan-based startup Miat. Their data is stored on the Aura blockchain, and the NFTs are accessible on the Polygon blockchain","June, 2022",,,,,,,https://www.ledgerinsights.com/bulgaris-exclusive-watch-to-include-nfts/,,,,,,,,,,,,,,,,,,,,,,
TAG Heuer,Fashion,,,Only viewer,,,,,,,,The TAG Heuer Connected Calibre E4 smartwatch lets you display your NFT artworks on your wrist.,"We�re introducing an NFT viewer for customers to showcase their digital asset collection, with a verified proof of ownership, on their TAG Heuer Connected watch. ","June, 2022",,,,,,,https://magazine.tagheuer.com/en/2022/06/15/tag-heuer-connected-the-perfect-match-for-nfts/,,,,,,,,,,,,,,,,,,,,,,
Loewe,Fashion,,,,,,,,,,,"Creating more than 500 free 3D digital assets for customers to download and use in Lowe�s Open Builder, the retailer�s new metaverse hub that is available to all online creators. The company is also releasing a new limited-edition, wearable NFT collection for Decentraland users. ","The retailer will offer its wearable NFTs to the first 1,000 consumers until July 20","June, 2022",,,,,,,https://www.retaildive.com/news/lowes-nft-collection-digital-assets/625842/,,,,,,,,,,,,,,,,,,,,,,
Nike,Fashion,AR Genesis Hoodie,Ethereum,0xF661D58cfE893993b11D53d11148c4650590C692,5 Dec 2023,https://opensea.io/collection/rtfkt-nike-cryptokicks,RTFKT and Nike,NO,,,,"AR Genesis Hoodie, a hoodie released as an NFT, was introduced by RTFKT and Nike using AR technology. Both CloneX avatars and real-life wearers can use the hoodie that comes with a NFC (near field communication) chip. In the beginning, owners of Clone X and RTFKT x Nike Dunks Genesis CryptoKicks will have precedence in obtaining a limited hoodie.",,"July, 2022",,,,,,,https://hypebeast.com/2022/7/rtfkt-x-nike-ar-hoodie-set-to-launch-this-week,,,,,,,,,,,,,,,,,,,,,,
Tiffany & Co,Fashion,NFTiff ,Ethereum,0xe8f88d16f24255FcFab25959705D724406D67D9d,1 Feb 2023,https://nft.tiffany.com/,LVMH,,,,"Exclusive to CryptoPunks holders, NFTiff transforms your NFT into a bespoke pendant handcrafted by Tiffany & Co. artisans. You�ll also receive an additional NFT version of the pendant. ",The collection will consist of 250 unique NFTs created as derivatives of verified CryptoPunk NFTs and will each correlate to a real-world 18k gold pendant laced with gemstones and diamonds.,,"August, 2022",,$12.5M,,,,,https://cryptoslate.com/tiffany-co-to-launch-new-nft-collection-priced-at-30-eth-a-pop-community-opinion-divided/,,,,,,,,,,,,,,,,,,,,,,
Puma,Fashion,Puma Nitro Token NFT,Ethereum,0xD96463a406e734dEBD0f3eaBF2343bDC7a86Ac83,28 Aug 2022,https://opensea.io/collection/nitrotokenpuma,Puma,NO,,,,"PUMA's foray into the future is with Nitro Token. The ability to mint the PUMA NitroPass is provided by the free-to-claim 4,000 Nitro Token NFT, which can be claimed by anyone. Holders of Nitropasses are part of an exclusive club that will get limited-edition physical goods in the real world and an unique Nitro Collection NFT.",,"August, 2022",,,,,,Opensea,https://twitter.com/puma/status/1561382687985876992,,,,,,,,,,,,,,,,,,,,,,
RTFKT,Fashion,CloneX ,Ethereum,0x9930929903f9C6C83D9E7c70D058d03c376A8337,8 Nov 2023,https://opensea.io/collection/rtfkt-creators?tab=items,RTFKT,,,,,"The CloneX collection serves as the formal launch of RTFKT's forging season. They have disclosed a significantly larger collection, which will be forgeable by all owners of CloneX tokens beginning in August 2022. The first CloneX collection includes tangible and digital goods, such as custom-made Nike Air Force 1 sneakers, that are motivated by CloneX ""DNA,"" which is a representation of many aesthetic themes.",,"August, 2022",,,,,,,https://www.highsnobiety.com/p/rtfkt-clonex-drop-avatar-nft-lookbook/,,,,,,,,,,,,,,,,,,,,,,
Moncler,Fashion,,Polygon,0xc14Cc4d89116ec88Ebb63FDf497AaCE6Ff3745dA,18 Nov 2022,https://opensea.io/assets/matic/0xc14cc4d89116ec88ebb63fdf497aace6ff3745da/94794447,,,,,,"Arianee, the specialist in web3 digital product certification solutions, has teamed up with a new partner, Moncler, which is launching its first NFTs ",,"October, 2022",,,,,,,"https://in.fashionnetwork.com/news/Moncler-launches-its-first-nfts,1449079.html",,,,,,,,,,,,,,,,,,,,,,
RIMOWA x RTFKT,Fashion,physical luggage NFTs,Ethereum,0x253ef258563E146f685e60219DA56a6b75178E19,4 Dec 2023,https://opensea.io/collection/rtfkt-x-rimowa,RIMOWA x RTFKT,,,,,"With a ""phygital"" campaign in collaboration with RTFKT that will feature 888 limited edition physical luggage NFTs, RIMOWA is stirring things up once more. Additionally, RIMOWA and RTFKT will work together to create 2222 WorkerBots NFTs, which will act as collectibles for this virtual world. by requesting assistance from fans in order to complete a series of tasks on ""a hacked RIMOWA x RTFKT space station."" Users will be able to participate in a raffle after the space station is revived. A physical version of the suitcase can be redeemed by forging one of the 888 RTFKT x RIMOWA NFTs that winners are permitted to mint.",,"October, 2022",,,,,,,https://hypebeast.com/2022/10/rimowa-rtfkt-metaverse-nft-collaboration-nike,,,,,,,,,,,,,,,,,,,,,,
Chito X Givenchy,Fashion,Chito x Givenchy NFT,Polygon,0x364350d93fC86580EC23aB427c0e899083eCD599,,https://opensea.io/collection/chitogivenchynft,,,,,,"The �Chito x Givenchy NFT� collection of 15NFTs features an array of cartoonish characters and symbols, some of which are animated, and others bearing the Givenchy logo.",,"November, 2022",,,,,8%,Opensea,https://www.lifestyleasia.com/sg/style/fashion/givenchy-chito-nft-art-collection-opensea-buy/,,,,,,,,,,,,,,,,,,,,,,
Chanel,Fashion,,Ethereum,0xd07dc4262BCDbf85190C01c996b4C06a461d2430,12 sept 2020,https://opensea.io/assets/ethereum/0xd07dc4262bcdbf85190c01c996b4c06a461d2430/7941,,,,,,,,Not yet,,,,,,,https://luxefront.com/2022/01/02/chanel-nfts-does-the-future-of-chanel-lies-in-the-metaverse/,,,,,,,,,,,,,,,,,,,,,,
Balenciaga X Fortnite,Fashion,,Polygon,0x2953399124F0cBB46d2CbACD8A89cF0599974963,12 sept 2021,https://opensea.io/assets/matic/0x2953399124f0cbb46d2cbacd8a89cf0599974963/59136743984699899945511287448108698327696581447453995140481103686307432890369,,,,,,"The luxury fashion brand�s creative director, Demna Gvasalia, always has something new to offer and this time, blurring the lines between physical and digital, Balenciaga�s model has been made into a digital avatar called �Doggo,� who wears Balenciaga outfits in the Fortnite arena.","The first fashion brand to partner with the online game Fortnite, Balenciaga proposed to sell four signature items from its collection to serve as skin and accessories for avatars in the game.",,,,,,,,https://www.vogue.com/article/balenciaga-fortnite-partnership,,,,,,,,,,,,,,,,,,,,,,
Overpriced,Fashion,,,Not finding,,https://www.overpriced.io/,,,,,,"Imagine wearing a hoodie that can be scanned to reveal your own NFTs, that too on the go. Yes, this is no longer a futuristic concept to be actualised. Fashion brand Overpriced.� has released a collection of such NFT hoodies, containing codes that are exclusive to the buyer.",,,,,,,,,https://blockparty.co/creator/GAHCFJSD4ZNLLYCRLZ4U7Z7NAT2AMYWYJLDHCI4DCBKXOSQVZTGPILKU,,,,,,,,,,,,,,,,,,,,,,
Coach,Fashion,,Polygon,,,,,,,,,The launch of its first range of non-fungible tokens (NFTs) featuring eight Coach Holiday animals from the house�s recently launched Snow City digital game. ,"Ten unique NFTs of each animal will be given away over eight days, with one animal released per day from December 17 to the 24. Each giveaway will include one Coach Holiday animal. Moreover, each Coach NFT grants the right to receive one complimentary made-to-order Rogue bag gifted to the initial holders of the Coach NFTs in 2022.",,,,,,,,"https://ww.fashionnetwork.com/news/Coach-launches-first-nft-collection,1363081.html",,,,,,,,,,,,,,,,,,,,,,
Ray Ban X Extraweg,Fashion,Charity Collaborations,Ethereum,NO ITEMS FOUND,,https://www.extraweg.com/nft,,,,"The NFT was designed by Berlin-based German artist Oliver Latta, better known by his pseudonym Extraweg. The artist is best known for his �very provocative� 3D Motion Designs, that are �used to express emotions and struggles of today�s society�.",,Ray-ban and digital artist Oliver Latta (@extraweg) are teaming up to create the first-ever pair of nft ray-ban aviator to raise charity funds for italian art trust.,,,,,,,,,"https://ww.fashionnetwork.com/news/Ray-ban-launches-first-nft-eyewear-in-history,1347504.html",,,,,,,,,,,,,,,,,,,,,,
Cartier,Fashion,,Polygon,0x2953399124F0cBB46d2CbACD8A89cF0599974963,5 Nov 2021,https://opensea.io/assets/matic/0x2953399124f0cbb46d2cbacd8a89cf0599974963/1394090956607098383899503020224759074774719385077748416512869612280508055553,,,,,,"In partnership with artist Natalia Gudovich and Infinity Art, has unveiled the Medaglioni non-fungible token (NFT) collection on the Binance NFT marketplace.","Cartier NFT Series contains 31 different tokensrarities from six works by Natalia Gudovich. The token price will increase after each purchase of NFTs from the collection. One NFT token, created from all six of the artist's works, will become an exclusive lot and will be sold through an auction.",,,,,,,,https://newdaycrypto.com/jewelry-brand-cartier-presented-the-nft-collection/,,,,,,,,,,,,,,,,,,,,,,
,,,Ethereum,0x495f947276749Ce646f68AC8c248420045cb7b5e,7 Nov 2021,https://opensea.io/assets/ethereum/0x495f947276749ce646f68ac8c248420045cb7b5e/62457743714961175535582678346491509743294973411643828671614852731688080900097,,,,,,,,,,,,,,,,,,,,,,,,,,,,,,,,,,,,,
Balmain,Fashion,,Ethereum,0x495f947276749Ce646f68AC8c248420045cb7b5e,14 Nov 2021,https://opensea.io/assets/ethereum/0x495f947276749ce646f68ac8c248420045cb7b5e/96599909867797379877705579081651743899328829161481842110261784644590241841153,,,,,,,,,,,,,,,,,,,,,,,,,,,,,,,,,,,,,
DressX,Fashion Store,,Ethereum,0x0B509F4b044F713A91bB50535914f7ad160532fe,,https://opensea.io/assets/ethereum/0x0b509f4b044f713a91bb50535914f7ad160532fe/103,,,,,,"Largest fashion store for digital-only collections from well-known brands and 3D designers. DRESSX provides a digital solution for dressing up people�s images. Through the use of digital clothing, the user can simply layer fashion items on top of a photo to create a whole new outfit.

",,,,,,,,,https://crypto.com/nft/drops-event/494dc9b74a05def9130e7a0d18a9b423,,,,,,,,,,,,,,,,,,,,,,
,,,,,,,,,,,,,,,,,,,,,,,,,,,,,,,,,,,,,,,,,,,
Yerb,Food & Beverage,,Ethereum,0xd07dc4262BCDbf85190C01c996b4C06a461d2430,4 Feb 2022,https://yerbamatenft.com/index_en,,,,,"acquiring a membership pass to a club, with benefits, gifts, and access to a community that can help you enter the world of cryptocurrencies, NFTs, and guide you through the web3.","Yerb will pack its first yerba mate drink in 12-ounce cans but sold via NFTs for 0.039 ETH (about $77). The firm made the tokens available on February 2021, and each one entitled the bearer to six cans of Yerb�s inaugural release, as well as an extra six-pack of cans for each year during the NFT food event.",,"Feb, 2021",,,,,,,https://www.cronj.com/blog/nft-in-food-and-beverage-industry/#4_Taco_Bell,,,,,,,,,,,,,,,,,,,,,,
Pizza Hut,Food & Beverage,,Ethereum,0xbd29e2d63fa738d74821f00451ecbaa50ecfca50,,https://rarible.com/pizzahut, Yum Brands Inc,NO,,Rarible,,"Pizza Hut published their NFT in Canada as part of the 1 Byte Favorites initiative in March 2021. This made Pizza Hut one of the first food-tech businesses to utilize Food NFTs. The yummy NFT food tokens for the world�s first NFT pizza were digital representations of pizza slices. On Rarible, each NFTs byte costs roughly 17 cents, which is a deal by today�s standards.",,"March, 2021",,,,,,Rarible,https://finance.yahoo.com/news/pizza-hut-offers-worlds-first-153342683.html,,,,,,,,,,,,,,,,,,,,,,
Taco Bell,Food & Beverage,Taco NFT,Ethereum,0x7e826df5844371eb363171f8b6977f7772e043ae,,https://rarible.com/tacobell?tab=created,,,,Rarible,,The fast-food chain tweeted that it was selling taco-themed GIFs and images on NFT marketplace Rarible.Taco Bell does say that all the proceeds will go to the Live M�s Scholarship through the Taco Bell Foundation. Taco Bell also told The Verge that the NFTs included a real-world perk in the form of a $500 electronic Taco Bell gift card. ,,"March, 2021",,,,,,Rarible,https://www.theverge.com/2021/3/8/22319868/taco-bell-nfts-gif-tacos-sell,,,,,,,,,,,,,,,,,,,,,,
Pringles,Food & Beverage,CryptoCrisp,Ethereum,0xd07dc4262BCDbf85190C01c996b4C06a461d2430,2 Jan 2023,https://opensea.io/assets/ethereum/0xd07dc4262bcdbf85190c01c996b4c06a461d2430/322068,The Kellogg Company,YES,,Rarible,,"Pringles announced the release of a limited-edition flavor that it's calling CryptoCrisp. All 50 packages of the new flavor only exist as NFT artwork, and they're being auctioned off exclusively on the Rarible platform.",,"March, 2021",,,,,,Rarible,https://hypebeast.com/2021/3/pringles-cryptocrisp-nft-release-info,,,,,,,,,,,,,,,,,,,,,,
PizzaDAO ,Food & Beverage,Rare Pizzas,Polygon,0x9C23a1FA4da99e1f72FFA94e3033801B2F18FE23,7 Feb 2022,https://www.rarepizzas.com/mint,,YES,,,,"PizzaDAO is behind the NFT project, Rare Pizzas, a collection of 10,000 baked pizza NFTs created in collaboration with more than 300 artists from around the globe.","Proceeds from the sale of the pizza NFTs were used to buy free pizza for people worldwide on May 22, which is Bitcoin Pizza Day. In 2021, the project spent over $300,000 at more than 300 pizzerias in over 60 countries to throw the world�s largest pizza party. The organization has made the concept an annual event and is already at work organizing the global 2022 pizza party. ","May, 2021",,,,,,,https://cryptoslate.com/pizzadao-to-host-worlds-biggest-pizza-party-on-may-22-to-commemorate-first-btc-purchase/,,,,,,,,,,,,,,,,,,,,,,
Coffee Brothers,Food & Beverage,Crypto Baristas,,,,https://rarible.com/cryptobaristas,,YES,,,"Holders will enjoy for life at all future cafe spaces, our coffee partners� website (Coffee Bros.), exclusive coffees, and discounts on Crypto Barista merchandise.","Crypto Baristas is an NFT project that was launched in 2021 to raise funds to create the world�s first NFT-funded cafe. Holders of Crypto Baristas NFTs are entitled to perks at the cafe � and all future cafe spaces for life. They also control the �Barista Bank,� which is a treasury fund where 15% of the project�s revenue will be kept for charity and future developments.",,"Jun, 2021",,,,,,Rarible,https://dailycoffeenews.com/2021/11/04/coffee-bros-launches-crypto-baristas-nfts-to-fund-future-new-york-cafe/,,,,,,,,,,,,,,,,,,,,,,
Campbell's Soup,Food & Beverage,AmeriCANa � SOPHIA CHANG X CAMPBELL�S,Ethereum,0x495f947276749Ce646f68AC8c248420045cb7b5e,31 Jan 2023,https://opensea.io/collection/americana-campbells-x-sophiachang,,,,"Street-style artist and illustrator, Sophia Chang",,"The collection of 100 Campbell�s authenticated NFT art pieces titled �AmeriCANa � SOPHIA CHANG X CAMPBELL�S�  will be exclusively available for purchase via the leader in drop culture, NTWRK",,"July, 2021",100,,,NO,,Opensea,https://www.campbellsoupcompany.com/newsroom/press-releases/campbells-commissions-first-official-nft-collection-by-artist-sophia-chang-to-celebrate-changes-to-its-iconic-soup-can-labels/,,,,,,,,,,,,,,,,,,,,,,
Coco- cola,Food & Beverage,,Ethereum,0x455f04c9C54fFfa699e9F6b1271E857A1f2bDdfa,3 Aug 2021; only 1 transaction,https://opensea.io/assets/ethereum/0x455f04c9c54fffa699e9f6b1271e857a1f2bddfa/1,,NO,,,"The winning bidder will also receive an in-real-life Coca-Cola refrigerator. The retro, made-in-Italy SMEG FAB28�which officially hits the market in November�will be fully stocked with ice-cold Coca-Cola to share with friends. Additional surprises will be unveiled to the auction�s highest bidder. ","On International Friendship Day, July 30, 2021 four unique Coca-Cola NFTs will be up for auction as a single �loot box� through the OpenSea online marketplace.","Coca-Cola proceeds from the auction, which is open for all to bid, will go to longtime Coca-Cola partner and friend, Special Olympics International.","July, 2021",4,,,NO,,Opensea,https://www.coca-colacompany.com/news/coca-cola-to-offer-first-ever-nft-collectibles,,,,,,,,,,,,,,,,,,,,,,
"James Beard Foundation, Stella Artois",Food & Beverage,Chef's Special NFT Collection,,,,https://www.charitybuzz.com/catalog_items/auction-exclusive-marcus-samuelsson-fried-chicken-2253300,,YES,,chef Marcus Samuelsson,"All proceeds from the auction will be donated to the James Beard Foundation�s Food and Beverage Investment Fund for Black and Indigenous Americans to help create a more delicious, equitable, and sustainable restaurant industry.","Stella and the James Beard Foundation have teamed up to sell an exclusive NFT recipe by chef Marcus Samuelsson in an online auction on charitybuzz from 6-16 July, an innovative CSR initiative supported by Christie�s. This isn�t just a recipe. This is rare. This is iconic. This is the ultimate fried chicken recipe in its most unique form.",,"Jul, 2021",,,,,,CharityBuzz,https://www.christies.com/about-us/strategic-partnerships/stella-artois,,,,,,,,,,,,,,,,,,,,,,
Hello Fam,Food & Beverage,,Ethereum,0x8744C9F3C2DCA15b306fEFCB1175Ecb22Ecbe01F,26 Aug 2023,https://opensea.io/collection/hello-fam-wine,,YES,,,"Buy a Grape Fam NFT and you'll receive membership in the world's first NFT winery and wine club. You'll also receive tokenized ownership of one case (six 750ml bottles) of our upcoming Genesis Vintage 2021 wine release, which will be stored in an insured, temperature-controlled facility and never sold outside of the NFT.","Hello Fam beautifully describes itself as �The official winery of the NFT age� � and for good reason.  collectors need to become members. In order to gain membership, each collector must purchase at least one Grape Fam NFT. ",,"August, 2021",,,,,,Secondary Market - Opensea,https://hellofam.wine/,https://wineindustryadvisor.com/2021/09/07/hello-fam-launches-as-worlds-first-all-nft-wine-brand,,,,,,,,,,,,,,,,,,,,,
Bacardi,Food & Beverage,,Polygon,0x2953399124F0cBB46d2CbACD8A89cF0599974963,28 Mar 2023,https://opensea.io/assets/matic/0x2953399124f0cbb46d2cbacd8a89cf0599974963/55912774569372054983195018772296118291982296980416535199225340326922241966081,,NO,,photographer Cam Kirk,,"It unveiled its first token in August 2021 with the limited-edition Reserva Ocho Sherry Cask Finish.Designed by photographer Cam Kirk, the first Bacardi NFT was launched in partnership with the NAACP to support black-owned establishments to get liquor licenses.",,"August, 2021",,,,,,,https://www.lifestyleasia.com/ind/gear/tech/alcohol-and-food-nfts-burger-king-pizza-hut-bacardi-budlight-hennesey/,,,,,,,,,,,,,,,,,,,,,,
Burger King,Food & Beverage,Keep it Real Meals NFT,Polygon,0x35368c20F70766d528AFA8C91b1b47E2735cC7Fc,22 Sept 2021,https://sweet.io/burgerking,,NO,,Sweet.io,"some of these collectible tokens have an impressive utility included, such as the once-in-a-lifetime opportunity to call one of the campaign's partners celebrities.",The Burger King �Keep It Real Meals� initiative will showcase QR codes tethered to close to six million meal boxes. Scanning the QR codes will unlock a digital collectible and Burger King�s announcement says �collecting them can lead to unlocking bonus NFTs.�,,"September, 2021",,,,,,Sweet.io,https://news.bitcoin.com/burger-king-launches-keep-it-real-meals-nft-campaign-with-digital-collectibles-market-sweet/,,,,,,,,,,,,,,,,,,,,,,
Freed's Bakery,Food & Beverage,Bakery NFT wedding cakes,,,No transaction,https://opensea.io/collection/freedsbakery,,NO,,,,"This bakery introduced the world�s first bakery NFT food � Bakery NFT wedding cakes. The Bakery NFT tokens, which are bakery NFT GIFs of their baked cakes, cost.1 ETH (about US$337 at the time of publication). Someone did bid.09 ETH ($304.37) for one of their Bakery NFT � the �Taste the Rainbow CAKE#ONE,� according to the transaction logs on OpenSea.",,"September, 2021",,,,,,Opensea,https://freedsbakery.com/collections/nft-dessert-collection,,,,,,,,,,,,,,,,,,,,,,
McDonald�s,Food & Beverage,McRib NFTs,Ethereum,0x495f947276749Ce646f68AC8c248420045cb7b5e,,,,,,,,"McDonald's US has launched its first non-fungible tokens (NFTs). In a bid to do something big on the 40th anniversary of the McRib, McDonalds is releasing a limited edition of 10 McRib NFTs in the US. These NFTs are not available for purchase, but will be given away to lucky winners, the company revealed on Twitter. The deadline to try and bag one of the McRib NFTs is October 7.",a limited series NFTs of the McRib as part of promotional giveaway for the sandwich's 40th anniversary.,"October, 2021",10,,,,,,https://www.marketwatch.com/story/mcdonalds-put-a-mcrib-nft-on-the-menu-for-20-heres-how-to-get-one-11635791187,,,,,,,,,,,,,,,,,,,,,,
Bacardi,Food & Beverage,,Ethereum,0x495f947276749Ce646f68AC8c248420045cb7b5e,19 Oct 2021,https://opensea.io/collection/bacardi-cask-nft,,NO,,Caribbean producer Boi-1da,,"Bacardi will release another NFT beverage in October 2021. It was created to complement the brand�s Music Liberates Music program, launched in 2017 to assist budding musicians in gaining professional exposure. The Caribbean producer Boi-1da co-created this new NFT drink. They collaborated with musicians Bambii, Denise De�ion, and Perfxn to compose Caribbean-inspired soundscapes and then mint them as NFT beverage mixtapes for auction.",,"October, 2021",,,,,,,https://www.lifestyleasia.com/ind/gear/tech/alcohol-and-food-nfts-burger-king-pizza-hut-bacardi-budlight-hennesey/,,,,,,,,,,,,,,,,,,,,,,
Glenfiddich,Food & Beverage,,Ethereum,0x9dB475371B5cC2913D3219f72e16a3F101339a05,8 Dec 2023,https://blockbar.com/brands/Glenfiddich,William Grant and Sons,,,Blockbar,,"A Scotch Whisky brand owned by William Grants and Sons launched an NFT each of 15 bottles of a rare 46-Year-Old Single Malt, which was sold within a matter of seconds.The NFT contained a revolving image/artistic impression of the bottle that would also function as a proof of authentication and certify its ownership. ",,"October, 2021",,,,,,Blockbar,https://bartenderspiritsawards.com/en/blog/insights-1/spirits-brands-that-have-succeeded-in-the-world-of-nfts-420.htm,,,,,,,,,,,,,,,,,,,,,,
Chipotle,Food & Beverage,Virtual Restuarant,Polygon,0x2953399124F0cBB46d2CbACD8A89cF0599974963,,,,YES,,,,"Chipotle was among the first major food industry names to offer virtual dining experiences to the public. For Halloween 2021, Chipotle created a virtual restaurant) inside the gaming platform Roblox to give away $1 million worth of burritos. Anyone could enter the virtual space and get a promo code, redeemable at any Chipotle location in the physical world. ",,"Oct, 2021",,,,,,,https://www.prnewswire.com/news-releases/chipotle-to-open-virtual-restaurant-on-roblox-with-1-million-in-free-burritos-and-serve-up-5-digital-entree-offer-for-boorito-301408455.html,,,,,,,,,,,,,,,,,,,,,,
Dictador,Food & Beverage,,Ethereum,0x495f947276749Ce646f68AC8c248420045cb7b5e,3 Jan 2022,https://blockbar.com/brands/Dictador,,NO,,Blockbar,"The NFT drink included an invitation to a dinner for two with Parra, a visit to the Parra family�s private distillery in Cartagena, spirit sampling, and a stay at a premium hotel in Cartagena de Indias.","Issued 10 bottles as NFT drinks in November 2021. While each NFT beverage was sold for $25,000, owners may redeem them for 1976 Dictador Generations rum in a Lalique�s crystal decanter.",,"Nov, 2021",10,,,,,Blockbar,https://bartenderspiritsawards.com/en/blog/insights-1/spirits-brands-that-have-succeeded-in-the-world-of-nfts-420.htm,,,,,,,,,,,,,,,,,,,,,,
Quiznos,Food & Beverage,Out of this World,Ethereum,,,https://crypto.com/nft/drops-event/db53bcc87b9c21b9b6e863eb59b13704,High Bluff Capital Partners,NO,,"artwork � created by Sameer Baloch, Crypto.com and The NFT Agency",,"Quiznos, in collaboration with Crypto.com and The NFT Agency, announced today�s launch of a series of non-fungible tokens, marking the international fast casual restaurant chain�s entry into the NFT space by featuring a collection of Quiznos �Out of this World� sandwich coins, available for 24 hours. Proceeds from the one-day sale of each token will support a nonprofit organization focused on ending hunger for communities and countries in crisis.",,"November, 2021",,,,,,Crytpo.com,https://www.businesswire.com/news/home/20211114005317/en/Quiznos-Takes-One-Small-Step-into-the-NFT-Galaxy-with-the-November-15th-Launch-of-%E2%80%9COut-of-This-World%E2%80%9D-Sandwich-Tokens-via-Crypto.com,,,,,,,,,,,,,,,,,,,,,,
,,,,,,https://crypto.com/nft/drops-event/db53bcc87b9c21b9b6e863eb59b13704?tab=info,,,,,,,,,,,,,,,,,,,,,,,,,,,,,,,,,,,,,
Dumpling Mafia,Food & Beverage,,Ethereum,0xaa839178cbaA8bB6Fe829D2F91eEe345cEF74e20,No transaction,https://www.dumplingmafianft.com/,,YES,,,"In addition to supporting a good cause, anyone who purchases a dumpling mafia boss is invited to all in-person and virtual Dumpling Mafia events, including a preview of the forthcoming Dumpling Mafia restaurant.","Dumpling Mafia, another example of a food art NFT project, was launched to raise funds for a charitable cause. The project, which features 88 dumpling mafia bosses, was created to raise money for #StopAsianHate organizations. ",,"Nov, 2021",,,,,,,,,,,,,,,,,,,,,,,,,,,,,
Dalmore,Food & Beverage,Decades No. 4 Collection,Ethereum,0x9dB475371B5cC2913D3219f72e16a3F101339a05,8 Dec 2023,https://blockbar.com/brands/The%20Dalmore,Whyte & Mackay,NO,,BlockBar,"In addition to the whisky set and NFT, which are collectively valued at $137,700 USD, the buyer will also receive a private visit to The Dalmore�s distillery in Scotland. BlockBar will verify authenticity and ownership and store the whisky until the buyer opts to redeem it for the physical collection.","The Dalmore has debuted its Decades No. 4 Collection of whisky as its first NFT. The four-piece collection will be released on BlockBar, an NFT marketplace for luxury wine and spirits.",,"December, 2021",,,,,,Blockbar,https://hypebeast.com/2021/12/the-dalmore-decades-whisky-collection-nft-blockbar,,,,,,,,,,,,,,,,,,,,,,
MetaTerrace,Food & Beverage,Virtual Restuarant,,,,,,YES,,ColossalBit,,"MetaTerrace - first of its kind restaurant themed to provide a unique experience of a virtual reality room will be opening today in Dubai's DIFC. ColossalBit, a Dubai-based consulting, advisory, design, and development firm for cryptocurrency, blockchain, and NFTs, has announced the launch of MetaTerrace.",,"Dec, 2021",,,,,,,https://learn.bybit.com/nft/nft-restaurant-food-metaverse/,,,,,,,,,,,,,,,,,,,,,,
Hennessy,Food & Beverage,"Hennessy 8, a limited edition",Ethereum,0x8F2C56a49A9982ba33d0236d4d84FBa1B1088561,Burn,https://blockbar.com/brands/Hennessy,LVMH,NO,,BlockBar,The buyer can redeem the physical product or trade the NFT version in the digital BlockBar marketplace. The owners of the two NFTs for bottles numbered 1 and 250 will also be invited to visit Hennessy�s estate in France.,"LVMH-owned Hennessy launched its inaugural NFT drink in January 2022. This NFT drink includes a collection of eight tokens symbolizing the first and last bottles of Hennessy�8. The coins were launched on the BlockBar marketplace for 70.47 ETH, worth$226,450 at the time.",,"January, 2022",2,,,,,Blockbar,https://www.ledgerinsights.com/hennessy-to-sell-exclusive-cognac-through-nfts/,,,,,,,,,,,,,,,,,,,,,,
,,,,0x9dB475371B5cC2913D3219f72e16a3F101339a05,13 Jan 2022,https://opensea.io/assets/ethereum/0x9db475371b5cc2913d3219f72e16a3f101339a05/41,,,,,,,,,,,,,,,,,,,,,,,,,,,,,,,,,,,,,
Flyfish Club,Food & Beverage,The World's First NFT Restaurant,Ethereum,0xc9D8F15803c645e98B17710a0b6593F097064bEF,9 Dec 2023,https://www.flyfishclub.com/,,YES,,,"Unlimited access to a private dining room that will span across 10,000+ square feet in an iconic, New York City location. The space will consist of a bustling cocktail lounge, upscale restaurant, intimate omakase room, and an outdoor space.","Flyfish Club (FFC) is the world's first member's only private dining club where membership is purchased on the blockchain as a NFT and owned by the token-holder to gain access to our restaurant and various culinary, cultural and social experiences.",,"Jan, 2022",,,,,,,https://thespoon.tech/here-are-the-details-about-flyfish-club-gary-vaynerchuks-nft-restaurant-opening-in-2023/,,,,,,,,,,,,,,,,,,,,,,
,,,,,,https://opensea.io/collection/flyfish-club,,,,,,,,,,,,,,,,,,,,,,,,,,,,,,,,,,,,,
Bored Breakfast Club,Food & Beverage,Web3�s first NFT coffee subscription,Ethereum,0x7c4Fa5d6A6aD98195Ec60678AC4048e5531618c6,21 Jan 2022,https://opensea.io/collection/boredbreakfastclub,,YES,,Yes Plz coffee,"Holders will also benefit from a Community Coffee Wallet that funds ongoing coffee shipments via royalties on secondary market sales and a portion of profits from Bored Breakfast�s eCommerce sales. In essence, Bored Breakfast Club is Web3 Coffee Subscription service.","The Bored Breakfast Club consists of 5,000 unique breakfast scenes, living as NFTs on the Ethereum blockchain. They also grant you access to an exclusive coffee club that ships insanely-delicious coffee from third-wave roasters Yes Plz, for FREE worldwide. Each NFT is sized to fit perfectly as a banner in your social network of choice. ",,"Jan, 2022",,,,,,Opensea,https://www.boredbreakfastclub.com/,,,,,,,,,,,,,,,,,,,,,,
Bud Light/ Budweiser,Food & Beverage,Bud Light N3XT Collection,Ethereum,0xC7C9567Bd3020E8148E43D0831c33d4843f0b0E1,1 Dec 2023,https://opensea.io/collection/bud-light-n3xt,Anheuser-Busch InBev,NO,,,,"Bud Light has created more than 12,000 NFTs�priced at $399 apiece�tied to the launch of its new beer brand N3XT, and now it's offering holders of the N3XT NFTs something new: Nouns-inspired specs.",,"Feb, 2022",,,,,,,https://www.cronj.com/blog/nft-in-food-and-beverage-industry/#4_Taco_Bell,,,,,,,,,,,,,,,,,,,,,,
Rage Coffee,Food & Beverage,,,,,,,NO,,,,"Rage Coffee, the Delhi-based FMCG company that manufactures, markets, and distributes innovative packaged coffee products is now ready to penetrate into the manifolds of the blockchain bazaar by minting 10 Rage Coffee branded NFTs of a certain value.",,"Feb, 2022",,,,,,,https://www.adgully.com/rage-coffee-brings-together-coffee-love-and-nfts-in-a-latest-campaign-114038.html,,,,,,,,,,,,,,,,,,,,,,
Papa John's,Food & Beverage,,Tezos,,,https://www.nfthotbag-papajohns.com/?ref=hackernoon.com,,NO,,artists Tom Hoff and Ash Sketch,,"NFT enthusiasts in the UK will be able to get their hands on the collection, which includes 19,840 NFTs in nine pizza hot bag-inspired patterns, over the course of a few days in early March.",the Papa Johns NFT Hot Bags were minted on the Tezos blockchain.,"March, 2022",,,,,,,https://hackernoon.com/papa-johns-is-making-nfts-mainstream-with-its-nft-collection-launch-for-pizza-lovers,,,,,,,,,,,,,,,,,,,,,,
,,,,,,https://www.binance.com/en/feed/post/382444,,,,,,,,,,,,,,,,,,,,,,,,,,,,,,,,,,,,,
Chef Tom Colicchio and Spike Mendelsohn,Food & Beverage,CHFTY Pizzas,Ethereum,0xA720E16603f81CD82FaAE15AE16F1aCfE88ddF0F,28 Nov 2023,https://opensea.io/collection/chfty-chftypizzas,,YES,,,"It will also unlock future benefits, such as streaming classes from chefs and live events, such as one in Washington D.C. next month. The chefs also plan to launch pop-up pizza restaurants across the United States, as voted on by NFT holders.","CHFTY Pizzas is launched with a public mint today, the chefs� Ethereum NFT collection spans 2,777 profile pictures, each with the image of a cartoonish, anthropomorphized pizza slice with randomized characteristics. Each sells for 0.07 ETH, or about $210.",,"Mar, 2022",,,,NO,,Opensea,https://decrypt.co/95947/top-chef-stars-tom-colicchio-spike-mendelsohn-ethereum-nfts-web3,,,,,,,,,,,,,,,,,,,,,,
Dalmore,Food & Beverage,Dalmore 33-Year-Old Vintage,Ethereum,0x9dB475371B5cC2913D3219f72e16a3F101339a05,1 Nov 2023,https://blockbar.com/brands/The%20Dalmore/bf51c03f-5489-498f-a754-5321c12e86f1,Whyte & Mackay,NO,,BlockBar,"By purchasing The Dalmore 33-Year-Old Vintage on BlockBar, owners will have the rare chance to attend a celebratory bottling event at a venue chosen by the community, anywhere in the world","the two brands will drop a Pauillac Premier Grand Cru Class� Finish, a 33-year-old whisky, as NFTs. All in all, The Dalmore will release 223 NFTs on BlockBar",,"April, 2022",223,,,,,Blockbar,https://nftevening.com/blockbar-x-dalmore-partner-again-to-release-rare-33yo-whiskey-nfts/,,,,,,,,,,,,,,,,,,,,,,
Johnnie Walker,Food & Beverage,Masters of Flavour NFTs,Ethereum,,,https://blockbar.com/brands/Johnnie%20Walker/657c3b94-d711-4146-8d5b-963525952319,Diageo,NO,,BlockBar,"the owners of the NFTs will be given a one-off opportunity to visit Johnnie Walker Princes Street � the brand�s visitor experience in Edinburgh, Scotland. Moreover, they will also tour the iconic Glenkinchie Distillery, which plays an integral role in the crafting of Johnnie Walker whisky, and enjoy VIP tastings of whiskies from the Diageo collection.","The brand is collaborating with NFT marketplace BlockBar.com to offer seven whisky connoisseurs the chance to own a bottle of 48-year-old Johnnie Walker Masters of Flavour NFTs, alongside their digital art and access to an exclusive brand experience in Scotland.",,"May, 2022",7,,,,,Blockbar,https://www.marketing-interactive.com/johnnie-walker-nft-experience,,,,,,,,,,,,,,,,,,,,,,
McDonald�s,Food & Beverage,Virtual Restuarant,Ethereum,0x495f947276749Ce646f68AC8c248420045cb7b5e,22 Feb 2023,https://opensea.io/collection/mcdonft,,YES,,,,"The world�s largest fast-food chain wants to offer you a virtual restaurant in the metaverse, but it will do the delivery physically. McDonald�s has applied for 10 metaverse-related patents that seek to allow it to deliver food online and in person, offer entertainment services, sell non-fungible tokens (NFTs), and more.",,,,,,,,,https://timesofindia.indiatimes.com/gadgets-news/mcdonalds-wants-a-bite-of-the-metaverse-heres-how/articleshow/89504525.cms,,,,,,,,,,,,,,,,,,,,,,
Panera,Food & Beverage,Virtual Restuarant,,,,,,YES,,,,"Panera Bread has similarly filed a trademark application for its own metaverse restaurants, as well as NFTs that could be used to buy virtual food and beverages.",,,,,,,,,https://www.businesswire.com/news/home/20220609006083/en/Panera-Opens-First-%E2%80%9CPanera-To-Go%E2%80%9D-Digital-Only-Restaurant-for-Off-Premise-Dining,,,,,,,,,,,,,,,,,,,,,,
FoodChain Global,Food & Beverage,,Polygon,0x2953399124F0cBB46d2CbACD8A89cF0599974963,,https://foodchain.global/,,,,,,"FoodChain Global is a decentralized organization that�s harnessing the power of the blockchain to fight global hunger. The project is utilizing NFTs, exclusive merch, play-to-earn games, and more to engage youth and raise funds for charities. ",,,,,,,,,,,,,,,,,,,,,,,,,,,,,,,
,,,,,,https://nfts.foodchain.global/,,,,,,,,,,,,,,,,,,,,,,,,,,,,,,,,,,,,,
,,,,,,,,,,,,,,,,,,,,,,,,,,,,,,,,,,,,,,,,,,,
,,,,,,,,,,,,,,,,,,,,,,,,,,,,,,,,,,,,,,,,,,,
,,,,,,,,,,,,,,,,,,,,,,,,,,,,,,,,,,,,,,,,,,,
,,,,,,,,,,,,,,,,,,,,,,,,,,,,,,,,,,,,,,,,,,,
,,,,,,,,,,,,,,,,,,,,,,,,,,,,,,,,,,,,,,,,,,,
,,,,,,,,,,,,,,,,,,,,,,,,,,,,,,,,,,,,,,,,,,,
,,,,,,,,,,,,,,,,,,,,,,,,,,,,,,,,,,,,,,,,,,,
,,,,,,,,,,,,,,,,,,,,,,,,,,,,,,,,,,,,,,,,,,,
,,,,,,,,,,,,,,,,,,,,,,,,,,,,,,,,,,,,,,,,,,,
,,,,,,,,,,,,,,,,,,,,,,,,,,,,,,,,,,,,,,,,,,,
,,,,,,,,,,,,,,,,,,,,,,,,,,,,,,,,,,,,,,,,,,,
,,,,,,,,,,,,,,,,,,,,,,,,,,,,,,,,,,,,,,,,,,,
,,,,,,,,,,,,,,,,,,,,,,,,,,,,,,,,,,,,,,,,,,,
,,,,,,,,,,,,,,,,,,,,,,,,,,,,,,,,,,,,,,,,,,,
,,,,,,,,,,,,,,,,,,,,,,,,,,,,,,,,,,,,,,,,,,,
,,,,,,,,,,,,,,,,,,,,,,,,,,,,,,,,,,,,,,,,,,,
,,,,,,,,,,,,,,,,,,,,,,,,,,,,,,,,,,,,,,,,,,,
,,,,,,,,,,,,,,,,,,,,,,,,,,,,,,,,,,,,,,,,,,,
,,,,,,,,,,,,,,,,,,,,,,,,,,,,,,,,,,,,,,,,,,,
,,,,,,,,,,,,,,,,,,,,,,,,,,,,,,,,,,,,,,,,,,,
,,,,,,,,,,,,,,,,,,,,,,,,,,,,,,,,,,,,,,,,,,,
,,,,,,,,,,,,,,,,,,,,,,,,,,,,,,,,,,,,,,,,,,,
,,,,,,,,,,,,,,,,,,,,,,,,,,,,,,,,,,,,,,,,,,,
,,,,,,,,,,,,,,,,,,,,,,,,,,,,,,,,,,,,,,,,,,,
,,,,,,,,,,,,,,,,,,,,,,,,,,,,,,,,,,,,,,,,,,,
,,,,,,,,,,,,,,,,,,,,,,,,,,,,,,,,,,,,,,,,,,,
,,,,,,,,,,,,,,,,,,,,,,,,,,,,,,,,,,,,,,,,,,,
,,,,,,,,,,,,,,,,,,,,,,,,,,,,,,,,,,,,,,,,,,,
,,,,,,,,,,,,,,,,,,,,,,,,,,,,,,,,,,,,,,,,,,,
,,,,,,,,,,,,,,,,,,,,,,,,,,,,,,,,,,,,,,,,,,,
,,,,,,,,,,,,,,,,,,,,,,,,,,,,,,,,,,,,,,,,,,,
,,,,,,,,,,,,,,,,,,,,,,,,,,,,,,,,,,,,,,,,,,,
,,,,,,,,,,,,,,,,,,,,,,,,,,,,,,,,,,,,,,,,,,,
,,,,,,,,,,,,,,,,,,,,,,,,,,,,,,,,,,,,,,,,,,,
,,,,,,,,,,,,,,,,,,,,,,,,,,,,,,,,,,,,,,,,,,,
,,,,,,,,,,,,,,,,,,,,,,,,,,,,,,,,,,,,,,,,,,,
,,,,,,,,,,,,,,,,,,,,,,,,,,,,,,,,,,,,,,,,,,,
,,,,,,,,,,,,,,,,,,,,,,,,,,,,,,,,,,,,,,,,,,,
,,,,,,,,,,,,,,,,,,,,,,,,,,,,,,,,,,,,,,,,,,,
,,,,,,,,,,,,,,,,,,,,,,,,,,,,,,,,,,,,,,,,,,,
,,,,,,,,,,,,,,,,,,,,,,,,,,,,,,,,,,,,,,,,,,,
,,,,,,,,,,,,,,,,,,,,,,,,,,,,,,,,,,,,,,,,,,,
,,,,,,,,,,,,,,,,,,,,,,,,,,,,,,,,,,,,,,,,,,,
,,,,,,,,,,,,,,,,,,,,,,,,,,,,,,,,,,,,,,,,,,,
,,,,,,,,,,,,,,,,,,,,,,,,,,,,,,,,,,,,,,,,,,,
,,,,,,,,,,,,,,,,,,,,,,,,,,,,,,,,,,,,,,,,,,,
,,,,,,,,,,,,,,,,,,,,,,,,,,,,,,,,,,,,,,,,,,,
,,,,,,,,,,,,,,,,,,,,,,,,,,,,,,,,,,,,,,,,,,,
,,,,,,,,,,,,,,,,,,,,,,,,,,,,,,,,,,,,,,,,,,,
,,,,,,,,,,,,,,,,,,,,,,,,,,,,,,,,,,,,,,,,,,,
,,,,,,,,,,,,,,,,,,,,,,,,,,,,,,,,,,,,,,,,,,,
,,,,,,,,,,,,,,,,,,,,,,,,,,,,,,,,,,,,,,,,,,,
,,,,,,,,,,,,,,,,,,,,,,,,,,,,,,,,,,,,,,,,,,,
,,,,,,,,,,,,,,,,,,,,,,,,,,,,,,,,,,,,,,,,,,,
,,,,,,,,,,,,,,,,,,,,,,,,,,,,,,,,,,,,,,,,,,,
,,,,,,,,,,,,,,,,,,,,,,,,,,,,,,,,,,,,,,,,,,,
,,,,,,,,,,,,,,,,,,,,,,,,,,,,,,,,,,,,,,,,,,,
,,,,,,,,,,,,,,,,,,,,,,,,,,,,,,,,,,,,,,,,,,,
,,,,,,,,,,,,,,,,,,,,,,,,,,,,,,,,,,,,,,,,,,,
,,,,,,,,,,,,,,,,,,,,,,,,,,,,,,,,,,,,,,,,,,,
,,,,,,,,,,,,,,,,,,,,,,,,,,,,,,,,,,,,,,,,,,,
,,,,,,,,,,,,,,,,,,,,,,,,,,,,,,,,,,,,,,,,,,,
,,,,,,,,,,,,,,,,,,,,,,,,,,,,,,,,,,,,,,,,,,,
,,,,,,,,,,,,,,,,,,,,,,,,,,,,,,,,,,,,,,,,,,,
,,,,,,,,,,,,,,,,,,,,,,,,,,,,,,,,,,,,,,,,,,,
,,,,,,,,,,,,,,,,,,,,,,,,,,,,,,,,,,,,,,,,,,,
,,,,,,,,,,,,,,,,,,,,,,,,,,,,,,,,,,,,,,,,,,,
,,,,,,,,,,,,,,,,,,,,,,,,,,,,,,,,,,,,,,,,,,,
,,,,,,,,,,,,,,,,,,,,,,,,,,,,,,,,,,,,,,,,,,,
,,,,,,,,,,,,,,,,,,,,,,,,,,,,,,,,,,,,,,,,,,,
,,,,,,,,,,,,,,,,,,,,,,,,,,,,,,,,,,,,,,,,,,,
,,,,,,,,,,,,,,,,,,,,,,,,,,,,,,,,,,,,,,,,,,,
,,,,,,,,,,,,,,,,,,,,,,,,,,,,,,,,,,,,,,,,,,,
,,,,,,,,,,,,,,,,,,,,,,,,,,,,,,,,,,,,,,,,,,,
,,,,,,,,,,,,,,,,,,,,,,,,,,,,,,,,,,,,,,,,,,,
,,,,,,,,,,,,,,,,,,,,,,,,,,,,,,,,,,,,,,,,,,,
,,,,,,,,,,,,,,,,,,,,,,,,,,,,,,,,,,,,,,,,,,,
,,,,,,,,,,,,,,,,,,,,,,,,,,,,,,,,,,,,,,,,,,,
,,,,,,,,,,,,,,,,,,,,,,,,,,,,,,,,,,,,,,,,,,,
,,,,,,,,,,,,,,,,,,,,,,,,,,,,,,,,,,,,,,,,,,,
,,,,,,,,,,,,,,,,,,,,,,,,,,,,,,,,,,,,,,,,,,,
,,,,,,,,,,,,,,,,,,,,,,,,,,,,,,,,,,,,,,,,,,,
,,,,,,,,,,,,,,,,,,,,,,,,,,,,,,,,,,,,,,,,,,,
,,,,,,,,,,,,,,,,,,,,,,,,,,,,,,,,,,,,,,,,,,,
,,,,,,,,,,,,,,,,,,,,,,,,,,,,,,,,,,,,,,,,,,,
,,,,,,,,,,,,,,,,,,,,,,,,,,,,,,,,,,,,,,,,,,,
,,,,,,,,,,,,,,,,,,,,,,,,,,,,,,,,,,,,,,,,,,,
,,,,,,,,,,,,,,,,,,,,,,,,,,,,,,,,,,,,,,,,,,,
,,,,,,,,,,,,,,,,,,,,,,,,,,,,,,,,,,,,,,,,,,,
,,,,,,,,,,,,,,,,,,,,,,,,,,,,,,,,,,,,,,,,,,,
,,,,,,,,,,,,,,,,,,,,,,,,,,,,,,,,,,,,,,,,,,,
,,,,,,,,,,,,,,,,,,,,,,,,,,,,,,,,,,,,,,,,,,,
,,,,,,,,,,,,,,,,,,,,,,,,,,,,,,,,,,,,,,,,,,,
,,,,,,,,,,,,,,,,,,,,,,,,,,,,,,,,,,,,,,,,,,,
,,,,,,,,,,,,,,,,,,,,,,,,,,,,,,,,,,,,,,,,,,,
,,,,,,,,,,,,,,,,,,,,,,,,,,,,,,,,,,,,,,,,,,,
,,,,,,,,,,,,,,,,,,,,,,,,,,,,,,,,,,,,,,,,,,,
,,,,,,,,,,,,,,,,,,,,,,,,,,,,,,,,,,,,,,,,,,,
,,,,,,,,,,,,,,,,,,,,,,,,,,,,,,,,,,,,,,,,,,,
,,,,,,,,,,,,,,,,,,,,,,,,,,,,,,,,,,,,,,,,,,,
,,,,,,,,,,,,,,,,,,,,,,,,,,,,,,,,,,,,,,,,,,,
,,,,,,,,,,,,,,,,,,,,,,,,,,,,,,,,,,,,,,,,,,,
,,,,,,,,,,,,,,,,,,,,,,,,,,,,,,,,,,,,,,,,,,,
,,,,,,,,,,,,,,,,,,,,,,,,,,,,,,,,,,,,,,,,,,,
,,,,,,,,,,,,,,,,,,,,,,,,,,,,,,,,,,,,,,,,,,,
,,,,,,,,,,,,,,,,,,,,,,,,,,,,,,,,,,,,,,,,,,,
,,,,,,,,,,,,,,,,,,,,,,,,,,,,,,,,,,,,,,,,,,,
,,,,,,,,,,,,,,,,,,,,,,,,,,,,,,,,,,,,,,,,,,,
,,,,,,,,,,,,,,,,,,,,,,,,,,,,,,,,,,,,,,,,,,,
,,,,,,,,,,,,,,,,,,,,,,,,,,,,,,,,,,,,,,,,,,,
,,,,,,,,,,,,,,,,,,,,,,,,,,,,,,,,,,,,,,,,,,,
,,,,,,,,,,,,,,,,,,,,,,,,,,,,,,,,,,,,,,,,,,,
,,,,,,,,,,,,,,,,,,,,,,,,,,,,,,,,,,,,,,,,,,,
,,,,,,,,,,,,,,,,,,,,,,,,,,,,,,,,,,,,,,,,,,,
,,,,,,,,,,,,,,,,,,,,,,,,,,,,,,,,,,,,,,,,,,,
,,,,,,,,,,,,,,,,,,,,,,,,,,,,,,,,,,,,,,,,,,,
,,,,,,,,,,,,,,,,,,,,,,,,,,,,,,,,,,,,,,,,,,,
,,,,,,,,,,,,,,,,,,,,,,,,,,,,,,,,,,,,,,,,,,,
,,,,,,,,,,,,,,,,,,,,,,,,,,,,,,,,,,,,,,,,,,,
,,,,,,,,,,,,,,,,,,,,,,,,,,,,,,,,,,,,,,,,,,,
,,,,,,,,,,,,,,,,,,,,,,,,,,,,,,,,,,,,,,,,,,,
,,,,,,,,,,,,,,,,,,,,,,,,,,,,,,,,,,,,,,,,,,,
,,,,,,,,,,,,,,,,,,,,,,,,,,,,,,,,,,,,,,,,,,,
,,,,,,,,,,,,,,,,,,,,,,,,,,,,,,,,,,,,,,,,,,,
,,,,,,,,,,,,,,,,,,,,,,,,,,,,,,,,,,,,,,,,,,,
,,,,,,,,,,,,,,,,,,,,,,,,,,,,,,,,,,,,,,,,,,,
,,,,,,,,,,,,,,,,,,,,,,,,,,,,,,,,,,,,,,,,,,,
,,,,,,,,,,,,,,,,,,,,,,,,,,,,,,,,,,,,,,,,,,,
,,,,,,,,,,,,,,,,,,,,,,,,,,,,,,,,,,,,,,,,,,,
,,,,,,,,,,,,,,,,,,,,,,,,,,,,,,,,,,,,,,,,,,,
,,,,,,,,,,,,,,,,,,,,,,,,,,,,,,,,,,,,,,,,,,,
,,,,,,,,,,,,,,,,,,,,,,,,,,,,,,,,,,,,,,,,,,,
,,,,,,,,,,,,,,,,,,,,,,,,,,,,,,,,,,,,,,,,,,,
,,,,,,,,,,,,,,,,,,,,,,,,,,,,,,,,,,,,,,,,,,,
,,,,,,,,,,,,,,,,,,,,,,,,,,,,,,,,,,,,,,,,,,,
,,,,,,,,,,,,,,,,,,,,,,,,,,,,,,,,,,,,,,,,,,,
,,,,,,,,,,,,,,,,,,,,,,,,,,,,,,,,,,,,,,,,,,,
,,,,,,,,,,,,,,,,,,,,,,,,,,,,,,,,,,,,,,,,,,,
,,,,,,,,,,,,,,,,,,,,,,,,,,,,,,,,,,,,,,,,,,,
,,,,,,,,,,,,,,,,,,,,,,,,,,,,,,,,,,,,,,,,,,,
,,,,,,,,,,,,,,,,,,,,,,,,,,,,,,,,,,,,,,,,,,,
,,,,,,,,,,,,,,,,,,,,,,,,,,,,,,,,,,,,,,,,,,,
,,,,,,,,,,,,,,,,,,,,,,,,,,,,,,,,,,,,,,,,,,,
,,,,,,,,,,,,,,,,,,,,,,,,,,,,,,,,,,,,,,,,,,,
,,,,,,,,,,,,,,,,,,,,,,,,,,,,,,,,,,,,,,,,,,,
,,,,,,,,,,,,,,,,,,,,,,,,,,,,,,,,,,,,,,,,,,,
,,,,,,,,,,,,,,,,,,,,,,,,,,,,,,,,,,,,,,,,,,,
,,,,,,,,,,,,,,,,,,,,,,,,,,,,,,,,,,,,,,,,,,,
,,,,,,,,,,,,,,,,,,,,,,,,,,,,,,,,,,,,,,,,,,,
,,,,,,,,,,,,,,,,,,,,,,,,,,,,,,,,,,,,,,,,,,,
,,,,,,,,,,,,,,,,,,,,,,,,,,,,,,,,,,,,,,,,,,,
,,,,,,,,,,,,,,,,,,,,,,,,,,,,,,,,,,,,,,,,,,,
,,,,,,,,,,,,,,,,,,,,,,,,,,,,,,,,,,,,,,,,,,,
,,,,,,,,,,,,,,,,,,,,,,,,,,,,,,,,,,,,,,,,,,,
,,,,,,,,,,,,,,,,,,,,,,,,,,,,,,,,,,,,,,,,,,,
,,,,,,,,,,,,,,,,,,,,,,,,,,,,,,,,,,,,,,,,,,,
,,,,,,,,,,,,,,,,,,,,,,,,,,,,,,,,,,,,,,,,,,,
,,,,,,,,,,,,,,,,,,,,,,,,,,,,,,,,,,,,,,,,,,,
,,,,,,,,,,,,,,,,,,,,,,,,,,,,,,,,,,,,,,,,,,,
,,,,,,,,,,,,,,,,,,,,,,,,,,,,,,,,,,,,,,,,,,,
,,,,,,,,,,,,,,,,,,,,,,,,,,,,,,,,,,,,,,,,,,,
,,,,,,,,,,,,,,,,,,,,,,,,,,,,,,,,,,,,,,,,,,,
,,,,,,,,,,,,,,,,,,,,,,,,,,,,,,,,,,,,,,,,,,,
,,,,,,,,,,,,,,,,,,,,,,,,,,,,,,,,,,,,,,,,,,,
,,,,,,,,,,,,,,,,,,,,,,,,,,,,,,,,,,,,,,,,,,,
,,,,,,,,,,,,,,,,,,,,,,,,,,,,,,,,,,,,,,,,,,,
,,,,,,,,,,,,,,,,,,,,,,,,,,,,,,,,,,,,,,,,,,,
,,,,,,,,,,,,,,,,,,,,,,,,,,,,,,,,,,,,,,,,,,,
,,,,,,,,,,,,,,,,,,,,,,,,,,,,,,,,,,,,,,,,,,,
,,,,,,,,,,,,,,,,,,,,,,,,,,,,,,,,,,,,,,,,,,,
,,,,,,,,,,,,,,,,,,,,,,,,,,,,,,,,,,,,,,,,,,,
,,,,,,,,,,,,,,,,,,,,,,,,,,,,,,,,,,,,,,,,,,,
,,,,,,,,,,,,,,,,,,,,,,,,,,,,,,,,,,,,,,,,,,,
,,,,,,,,,,,,,,,,,,,,,,,,,,,,,,,,,,,,,,,,,,,
,,,,,,,,,,,,,,,,,,,,,,,,,,,,,,,,,,,,,,,,,,,
,,,,,,,,,,,,,,,,,,,,,,,,,,,,,,,,,,,,,,,,,,,
,,,,,,,,,,,,,,,,,,,,,,,,,,,,,,,,,,,,,,,,,,,
,,,,,,,,,,,,,,,,,,,,,,,,,,,,,,,,,,,,,,,,,,,
,,,,,,,,,,,,,,,,,,,,,,,,,,,,,,,,,,,,,,,,,,,
,,,,,,,,,,,,,,,,,,,,,,,,,,,,,,,,,,,,,,,,,,,
,,,,,,,,,,,,,,,,,,,,,,,,,,,,,,,,,,,,,,,,,,,
,,,,,,,,,,,,,,,,,,,,,,,,,,,,,,,,,,,,,,,,,,,
,,,,,,,,,,,,,,,,,,,,,,,,,,,,,,,,,,,,,,,,,,,
,,,,,,,,,,,,,,,,,,,,,,,,,,,,,,,,,,,,,,,,,,,
,,,,,,,,,,,,,,,,,,,,,,,,,,,,,,,,,,,,,,,,,,,
,,,,,,,,,,,,,,,,,,,,,,,,,,,,,,,,,,,,,,,,,,,
,,,,,,,,,,,,,,,,,,,,,,,,,,,,,,,,,,,,,,,,,,,
,,,,,,,,,,,,,,,,,,,,,,,,,,,,,,,,,,,,,,,,,,,
,,,,,,,,,,,,,,,,,,,,,,,,,,,,,,,,,,,,,,,,,,,
,,,,,,,,,,,,,,,,,,,,,,,,,,,,,,,,,,,,,,,,,,,
,,,,,,,,,,,,,,,,,,,,,,,,,,,,,,,,,,,,,,,,,,,
,,,,,,,,,,,,,,,,,,,,,,,,,,,,,,,,,,,,,,,,,,,
,,,,,,,,,,,,,,,,,,,,,,,,,,,,,,,,,,,,,,,,,,,
,,,,,,,,,,,,,,,,,,,,,,,,,,,,,,,,,,,,,,,,,,,
,,,,,,,,,,,,,,,,,,,,,,,,,,,,,,,,,,,,,,,,,,,
,,,,,,,,,,,,,,,,,,,,,,,,,,,,,,,,,,,,,,,,,,,
,,,,,,,,,,,,,,,,,,,,,,,,,,,,,,,,,,,,,,,,,,,
,,,,,,,,,,,,,,,,,,,,,,,,,,,,,,,,,,,,,,,,,,,
,,,,,,,,,,,,,,,,,,,,,,,,,,,,,,,,,,,,,,,,,,,
,,,,,,,,,,,,,,,,,,,,,,,,,,,,,,,,,,,,,,,,,,,
,,,,,,,,,,,,,,,,,,,,,,,,,,,,,,,,,,,,,,,,,,,
,,,,,,,,,,,,,,,,,,,,,,,,,,,,,,,,,,,,,,,,,,,
,,,,,,,,,,,,,,,,,,,,,,,,,,,,,,,,,,,,,,,,,,,
,,,,,,,,,,,,,,,,,,,,,,,,,,,,,,,,,,,,,,,,,,,
,,,,,,,,,,,,,,,,,,,,,,,,,,,,,,,,,,,,,,,,,,,
,,,,,,,,,,,,,,,,,,,,,,,,,,,,,,,,,,,,,,,,,,,
,,,,,,,,,,,,,,,,,,,,,,,,,,,,,,,,,,,,,,,,,,,
,,,,,,,,,,,,,,,,,,,,,,,,,,,,,,,,,,,,,,,,,,,
,,,,,,,,,,,,,,,,,,,,,,,,,,,,,,,,,,,,,,,,,,,
,,,,,,,,,,,,,,,,,,,,,,,,,,,,,,,,,,,,,,,,,,,
,,,,,,,,,,,,,,,,,,,,,,,,,,,,,,,,,,,,,,,,,,,
,,,,,,,,,,,,,,,,,,,,,,,,,,,,,,,,,,,,,,,,,,,
,,,,,,,,,,,,,,,,,,,,,,,,,,,,,,,,,,,,,,,,,,,
,,,,,,,,,,,,,,,,,,,,,,,,,,,,,,,,,,,,,,,,,,,
,,,,,,,,,,,,,,,,,,,,,,,,,,,,,,,,,,,,,,,,,,,
,,,,,,,,,,,,,,,,,,,,,,,,,,,,,,,,,,,,,,,,,,,
,,,,,,,,,,,,,,,,,,,,,,,,,,,,,,,,,,,,,,,,,,,
,,,,,,,,,,,,,,,,,,,,,,,,,,,,,,,,,,,,,,,,,,,
,,,,,,,,,,,,,,,,,,,,,,,,,,,,,,,,,,,,,,,,,,,
,,,,,,,,,,,,,,,,,,,,,,,,,,,,,,,,,,,,,,,,,,,
,,,,,,,,,,,,,,,,,,,,,,,,,,,,,,,,,,,,,,,,,,,
,,,,,,,,,,,,,,,,,,,,,,,,,,,,,,,,,,,,,,,,,,,
,,,,,,,,,,,,,,,,,,,,,,,,,,,,,,,,,,,,,,,,,,,
,,,,,,,,,,,,,,,,,,,,,,,,,,,,,,,,,,,,,,,,,,,
,,,,,,,,,,,,,,,,,,,,,,,,,,,,,,,,,,,,,,,,,,,
,,,,,,,,,,,,,,,,,,,,,,,,,,,,,,,,,,,,,,,,,,,
,,,,,,,,,,,,,,,,,,,,,,,,,,,,,,,,,,,,,,,,,,,
,,,,,,,,,,,,,,,,,,,,,,,,,,,,,,,,,,,,,,,,,,,
,,,,,,,,,,,,,,,,,,,,,,,,,,,,,,,,,,,,,,,,,,,
,,,,,,,,,,,,,,,,,,,,,,,,,,,,,,,,,,,,,,,,,,,
,,,,,,,,,,,,,,,,,,,,,,,,,,,,,,,,,,,,,,,,,,,
,,,,,,,,,,,,,,,,,,,,,,,,,,,,,,,,,,,,,,,,,,,
,,,,,,,,,,,,,,,,,,,,,,,,,,,,,,,,,,,,,,,,,,,
,,,,,,,,,,,,,,,,,,,,,,,,,,,,,,,,,,,,,,,,,,,
,,,,,,,,,,,,,,,,,,,,,,,,,,,,,,,,,,,,,,,,,,,
,,,,,,,,,,,,,,,,,,,,,,,,,,,,,,,,,,,,,,,,,,,
,,,,,,,,,,,,,,,,,,,,,,,,,,,,,,,,,,,,,,,,,,,
,,,,,,,,,,,,,,,,,,,,,,,,,,,,,,,,,,,,,,,,,,,
,,,,,,,,,,,,,,,,,,,,,,,,,,,,,,,,,,,,,,,,,,,
,,,,,,,,,,,,,,,,,,,,,,,,,,,,,,,,,,,,,,,,,,,
,,,,,,,,,,,,,,,,,,,,,,,,,,,,,,,,,,,,,,,,,,,
,,,,,,,,,,,,,,,,,,,,,,,,,,,,,,,,,,,,,,,,,,,
,,,,,,,,,,,,,,,,,,,,,,,,,,,,,,,,,,,,,,,,,,,
,,,,,,,,,,,,,,,,,,,,,,,,,,,,,,,,,,,,,,,,,,,
,,,,,,,,,,,,,,,,,,,,,,,,,,,,,,,,,,,,,,,,,,,
,,,,,,,,,,,,,,,,,,,,,,,,,,,,,,,,,,,,,,,,,,,
,,,,,,,,,,,,,,,,,,,,,,,,,,,,,,,,,,,,,,,,,,,
,,,,,,,,,,,,,,,,,,,,,,,,,,,,,,,,,,,,,,,,,,,
,,,,,,,,,,,,,,,,,,,,,,,,,,,,,,,,,,,,,,,,,,,
,,,,,,,,,,,,,,,,,,,,,,,,,,,,,,,,,,,,,,,,,,,
,,,,,,,,,,,,,,,,,,,,,,,,,,,,,,,,,,,,,,,,,,,
,,,,,,,,,,,,,,,,,,,,,,,,,,,,,,,,,,,,,,,,,,,
,,,,,,,,,,,,,,,,,,,,,,,,,,,,,,,,,,,,,,,,,,,
,,,,,,,,,,,,,,,,,,,,,,,,,,,,,,,,,,,,,,,,,,,
,,,,,,,,,,,,,,,,,,,,,,,,,,,,,,,,,,,,,,,,,,,
,,,,,,,,,,,,,,,,,,,,,,,,,,,,,,,,,,,,,,,,,,,
,,,,,,,,,,,,,,,,,,,,,,,,,,,,,,,,,,,,,,,,,,,
,,,,,,,,,,,,,,,,,,,,,,,,,,,,,,,,,,,,,,,,,,,
,,,,,,,,,,,,,,,,,,,,,,,,,,,,,,,,,,,,,,,,,,,
,,,,,,,,,,,,,,,,,,,,,,,,,,,,,,,,,,,,,,,,,,,
,,,,,,,,,,,,,,,,,,,,,,,,,,,,,,,,,,,,,,,,,,,
,,,,,,,,,,,,,,,,,,,,,,,,,,,,,,,,,,,,,,,,,,,
,,,,,,,,,,,,,,,,,,,,,,,,,,,,,,,,,,,,,,,,,,,
,,,,,,,,,,,,,,,,,,,,,,,,,,,,,,,,,,,,,,,,,,,
,,,,,,,,,,,,,,,,,,,,,,,,,,,,,,,,,,,,,,,,,,,
,,,,,,,,,,,,,,,,,,,,,,,,,,,,,,,,,,,,,,,,,,,
,,,,,,,,,,,,,,,,,,,,,,,,,,,,,,,,,,,,,,,,,,,
,,,,,,,,,,,,,,,,,,,,,,,,,,,,,,,,,,,,,,,,,,,
,,,,,,,,,,,,,,,,,,,,,,,,,,,,,,,,,,,,,,,,,,,
,,,,,,,,,,,,,,,,,,,,,,,,,,,,,,,,,,,,,,,,,,,
,,,,,,,,,,,,,,,,,,,,,,,,,,,,,,,,,,,,,,,,,,,
,,,,,,,,,,,,,,,,,,,,,,,,,,,,,,,,,,,,,,,,,,,
,,,,,,,,,,,,,,,,,,,,,,,,,,,,,,,,,,,,,,,,,,,
,,,,,,,,,,,,,,,,,,,,,,,,,,,,,,,,,,,,,,,,,,,
,,,,,,,,,,,,,,,,,,,,,,,,,,,,,,,,,,,,,,,,,,,
,,,,,,,,,,,,,,,,,,,,,,,,,,,,,,,,,,,,,,,,,,,
,,,,,,,,,,,,,,,,,,,,,,,,,,,,,,,,,,,,,,,,,,,
,,,,,,,,,,,,,,,,,,,,,,,,,,,,,,,,,,,,,,,,,,,
,,,,,,,,,,,,,,,,,,,,,,,,,,,,,,,,,,,,,,,,,,,
,,,,,,,,,,,,,,,,,,,,,,,,,,,,,,,,,,,,,,,,,,,
,,,,,,,,,,,,,,,,,,,,,,,,,,,,,,,,,,,,,,,,,,,
,,,,,,,,,,,,,,,,,,,,,,,,,,,,,,,,,,,,,,,,,,,
,,,,,,,,,,,,,,,,,,,,,,,,,,,,,,,,,,,,,,,,,,,
,,,,,,,,,,,,,,,,,,,,,,,,,,,,,,,,,,,,,,,,,,,
,,,,,,,,,,,,,,,,,,,,,,,,,,,,,,,,,,,,,,,,,,,
,,,,,,,,,,,,,,,,,,,,,,,,,,,,,,,,,,,,,,,,,,,
,,,,,,,,,,,,,,,,,,,,,,,,,,,,,,,,,,,,,,,,,,,
,,,,,,,,,,,,,,,,,,,,,,,,,,,,,,,,,,,,,,,,,,,
,,,,,,,,,,,,,,,,,,,,,,,,,,,,,,,,,,,,,,,,,,,
,,,,,,,,,,,,,,,,,,,,,,,,,,,,,,,,,,,,,,,,,,,
,,,,,,,,,,,,,,,,,,,,,,,,,,,,,,,,,,,,,,,,,,,
,,,,,,,,,,,,,,,,,,,,,,,,,,,,,,,,,,,,,,,,,,,
,,,,,,,,,,,,,,,,,,,,,,,,,,,,,,,,,,,,,,,,,,,
,,,,,,,,,,,,,,,,,,,,,,,,,,,,,,,,,,,,,,,,,,,
,,,,,,,,,,,,,,,,,,,,,,,,,,,,,,,,,,,,,,,,,,,
,,,,,,,,,,,,,,,,,,,,,,,,,,,,,,,,,,,,,,,,,,,
,,,,,,,,,,,,,,,,,,,,,,,,,,,,,,,,,,,,,,,,,,,
,,,,,,,,,,,,,,,,,,,,,,,,,,,,,,,,,,,,,,,,,,,
,,,,,,,,,,,,,,,,,,,,,,,,,,,,,,,,,,,,,,,,,,,
,,,,,,,,,,,,,,,,,,,,,,,,,,,,,,,,,,,,,,,,,,,
,,,,,,,,,,,,,,,,,,,,,,,,,,,,,,,,,,,,,,,,,,,
,,,,,,,,,,,,,,,,,,,,,,,,,,,,,,,,,,,,,,,,,,,
,,,,,,,,,,,,,,,,,,,,,,,,,,,,,,,,,,,,,,,,,,,
,,,,,,,,,,,,,,,,,,,,,,,,,,,,,,,,,,,,,,,,,,,
,,,,,,,,,,,,,,,,,,,,,,,,,,,,,,,,,,,,,,,,,,,
,,,,,,,,,,,,,,,,,,,,,,,,,,,,,,,,,,,,,,,,,,,
,,,,,,,,,,,,,,,,,,,,,,,,,,,,,,,,,,,,,,,,,,,
,,,,,,,,,,,,,,,,,,,,,,,,,,,,,,,,,,,,,,,,,,,
,,,,,,,,,,,,,,,,,,,,,,,,,,,,,,,,,,,,,,,,,,,
,,,,,,,,,,,,,,,,,,,,,,,,,,,,,,,,,,,,,,,,,,,
,,,,,,,,,,,,,,,,,,,,,,,,,,,,,,,,,,,,,,,,,,,
,,,,,,,,,,,,,,,,,,,,,,,,,,,,,,,,,,,,,,,,,,,
,,,,,,,,,,,,,,,,,,,,,,,,,,,,,,,,,,,,,,,,,,,
,,,,,,,,,,,,,,,,,,,,,,,,,,,,,,,,,,,,,,,,,,,
,,,,,,,,,,,,,,,,,,,,,,,,,,,,,,,,,,,,,,,,,,,
,,,,,,,,,,,,,,,,,,,,,,,,,,,,,,,,,,,,,,,,,,,
,,,,,,,,,,,,,,,,,,,,,,,,,,,,,,,,,,,,,,,,,,,
,,,,,,,,,,,,,,,,,,,,,,,,,,,,,,,,,,,,,,,,,,,
,,,,,,,,,,,,,,,,,,,,,,,,,,,,,,,,,,,,,,,,,,,
,,,,,,,,,,,,,,,,,,,,,,,,,,,,,,,,,,,,,,,,,,,
,,,,,,,,,,,,,,,,,,,,,,,,,,,,,,,,,,,,,,,,,,,
,,,,,,,,,,,,,,,,,,,,,,,,,,,,,,,,,,,,,,,,,,,
,,,,,,,,,,,,,,,,,,,,,,,,,,,,,,,,,,,,,,,,,,,
,,,,,,,,,,,,,,,,,,,,,,,,,,,,,,,,,,,,,,,,,,,
,,,,,,,,,,,,,,,,,,,,,,,,,,,,,,,,,,,,,,,,,,,
,,,,,,,,,,,,,,,,,,,,,,,,,,,,,,,,,,,,,,,,,,,
,,,,,,,,,,,,,,,,,,,,,,,,,,,,,,,,,,,,,,,,,,,
,,,,,,,,,,,,,,,,,,,,,,,,,,,,,,,,,,,,,,,,,,,
,,,,,,,,,,,,,,,,,,,,,,,,,,,,,,,,,,,,,,,,,,,
,,,,,,,,,,,,,,,,,,,,,,,,,,,,,,,,,,,,,,,,,,,
,,,,,,,,,,,,,,,,,,,,,,,,,,,,,,,,,,,,,,,,,,,
,,,,,,,,,,,,,,,,,,,,,,,,,,,,,,,,,,,,,,,,,,,
,,,,,,,,,,,,,,,,,,,,,,,,,,,,,,,,,,,,,,,,,,,
,,,,,,,,,,,,,,,,,,,,,,,,,,,,,,,,,,,,,,,,,,,
,,,,,,,,,,,,,,,,,,,,,,,,,,,,,,,,,,,,,,,,,,,
,,,,,,,,,,,,,,,,,,,,,,,,,,,,,,,,,,,,,,,,,,,
,,,,,,,,,,,,,,,,,,,,,,,,,,,,,,,,,,,,,,,,,,,
,,,,,,,,,,,,,,,,,,,,,,,,,,,,,,,,,,,,,,,,,,,
,,,,,,,,,,,,,,,,,,,,,,,,,,,,,,,,,,,,,,,,,,,
,,,,,,,,,,,,,,,,,,,,,,,,,,,,,,,,,,,,,,,,,,,
,,,,,,,,,,,,,,,,,,,,,,,,,,,,,,,,,,,,,,,,,,,
,,,,,,,,,,,,,,,,,,,,,,,,,,,,,,,,,,,,,,,,,,,
,,,,,,,,,,,,,,,,,,,,,,,,,,,,,,,,,,,,,,,,,,,
,,,,,,,,,,,,,,,,,,,,,,,,,,,,,,,,,,,,,,,,,,,
,,,,,,,,,,,,,,,,,,,,,,,,,,,,,,,,,,,,,,,,,,,
,,,,,,,,,,,,,,,,,,,,,,,,,,,,,,,,,,,,,,,,,,,
,,,,,,,,,,,,,,,,,,,,,,,,,,,,,,,,,,,,,,,,,,,
,,,,,,,,,,,,,,,,,,,,,,,,,,,,,,,,,,,,,,,,,,,
,,,,,,,,,,,,,,,,,,,,,,,,,,,,,,,,,,,,,,,,,,,
,,,,,,,,,,,,,,,,,,,,,,,,,,,,,,,,,,,,,,,,,,,
,,,,,,,,,,,,,,,,,,,,,,,,,,,,,,,,,,,,,,,,,,,
,,,,,,,,,,,,,,,,,,,,,,,,,,,,,,,,,,,,,,,,,,,
,,,,,,,,,,,,,,,,,,,,,,,,,,,,,,,,,,,,,,,,,,,
,,,,,,,,,,,,,,,,,,,,,,,,,,,,,,,,,,,,,,,,,,,
,,,,,,,,,,,,,,,,,,,,,,,,,,,,,,,,,,,,,,,,,,,
,,,,,,,,,,,,,,,,,,,,,,,,,,,,,,,,,,,,,,,,,,,
,,,,,,,,,,,,,,,,,,,,,,,,,,,,,,,,,,,,,,,,,,,
,,,,,,,,,,,,,,,,,,,,,,,,,,,,,,,,,,,,,,,,,,,
,,,,,,,,,,,,,,,,,,,,,,,,,,,,,,,,,,,,,,,,,,,
,,,,,,,,,,,,,,,,,,,,,,,,,,,,,,,,,,,,,,,,,,,
,,,,,,,,,,,,,,,,,,,,,,,,,,,,,,,,,,,,,,,,,,,
,,,,,,,,,,,,,,,,,,,,,,,,,,,,,,,,,,,,,,,,,,,
,,,,,,,,,,,,,,,,,,,,,,,,,,,,,,,,,,,,,,,,,,,
,,,,,,,,,,,,,,,,,,,,,,,,,,,,,,,,,,,,,,,,,,,
,,,,,,,,,,,,,,,,,,,,,,,,,,,,,,,,,,,,,,,,,,,
,,,,,,,,,,,,,,,,,,,,,,,,,,,,,,,,,,,,,,,,,,,
,,,,,,,,,,,,,,,,,,,,,,,,,,,,,,,,,,,,,,,,,,,
,,,,,,,,,,,,,,,,,,,,,,,,,,,,,,,,,,,,,,,,,,,
,,,,,,,,,,,,,,,,,,,,,,,,,,,,,,,,,,,,,,,,,,,
,,,,,,,,,,,,,,,,,,,,,,,,,,,,,,,,,,,,,,,,,,,
,,,,,,,,,,,,,,,,,,,,,,,,,,,,,,,,,,,,,,,,,,,
,,,,,,,,,,,,,,,,,,,,,,,,,,,,,,,,,,,,,,,,,,,
,,,,,,,,,,,,,,,,,,,,,,,,,,,,,,,,,,,,,,,,,,,
,,,,,,,,,,,,,,,,,,,,,,,,,,,,,,,,,,,,,,,,,,,
,,,,,,,,,,,,,,,,,,,,,,,,,,,,,,,,,,,,,,,,,,,
,,,,,,,,,,,,,,,,,,,,,,,,,,,,,,,,,,,,,,,,,,,
,,,,,,,,,,,,,,,,,,,,,,,,,,,,,,,,,,,,,,,,,,,
,,,,,,,,,,,,,,,,,,,,,,,,,,,,,,,,,,,,,,,,,,,
,,,,,,,,,,,,,,,,,,,,,,,,,,,,,,,,,,,,,,,,,,,
,,,,,,,,,,,,,,,,,,,,,,,,,,,,,,,,,,,,,,,,,,,
,,,,,,,,,,,,,,,,,,,,,,,,,,,,,,,,,,,,,,,,,,,
,,,,,,,,,,,,,,,,,,,,,,,,,,,,,,,,,,,,,,,,,,,
,,,,,,,,,,,,,,,,,,,,,,,,,,,,,,,,,,,,,,,,,,,
,,,,,,,,,,,,,,,,,,,,,,,,,,,,,,,,,,,,,,,,,,,
,,,,,,,,,,,,,,,,,,,,,,,,,,,,,,,,,,,,,,,,,,,
,,,,,,,,,,,,,,,,,,,,,,,,,,,,,,,,,,,,,,,,,,,
,,,,,,,,,,,,,,,,,,,,,,,,,,,,,,,,,,,,,,,,,,,
,,,,,,,,,,,,,,,,,,,,,,,,,,,,,,,,,,,,,,,,,,,
,,,,,,,,,,,,,,,,,,,,,,,,,,,,,,,,,,,,,,,,,,,
,,,,,,,,,,,,,,,,,,,,,,,,,,,,,,,,,,,,,,,,,,,
,,,,,,,,,,,,,,,,,,,,,,,,,,,,,,,,,,,,,,,,,,,
,,,,,,,,,,,,,,,,,,,,,,,,,,,,,,,,,,,,,,,,,,,
,,,,,,,,,,,,,,,,,,,,,,,,,,,,,,,,,,,,,,,,,,,
,,,,,,,,,,,,,,,,,,,,,,,,,,,,,,,,,,,,,,,,,,,
,,,,,,,,,,,,,,,,,,,,,,,,,,,,,,,,,,,,,,,,,,,
,,,,,,,,,,,,,,,,,,,,,,,,,,,,,,,,,,,,,,,,,,,
,,,,,,,,,,,,,,,,,,,,,,,,,,,,,,,,,,,,,,,,,,,
,,,,,,,,,,,,,,,,,,,,,,,,,,,,,,,,,,,,,,,,,,,
,,,,,,,,,,,,,,,,,,,,,,,,,,,,,,,,,,,,,,,,,,,
,,,,,,,,,,,,,,,,,,,,,,,,,,,,,,,,,,,,,,,,,,,
,,,,,,,,,,,,,,,,,,,,,,,,,,,,,,,,,,,,,,,,,,,
,,,,,,,,,,,,,,,,,,,,,,,,,,,,,,,,,,,,,,,,,,,
,,,,,,,,,,,,,,,,,,,,,,,,,,,,,,,,,,,,,,,,,,,
,,,,,,,,,,,,,,,,,,,,,,,,,,,,,,,,,,,,,,,,,,,
,,,,,,,,,,,,,,,,,,,,,,,,,,,,,,,,,,,,,,,,,,,
,,,,,,,,,,,,,,,,,,,,,,,,,,,,,,,,,,,,,,,,,,,
,,,,,,,,,,,,,,,,,,,,,,,,,,,,,,,,,,,,,,,,,,,
,,,,,,,,,,,,,,,,,,,,,,,,,,,,,,,,,,,,,,,,,,,
,,,,,,,,,,,,,,,,,,,,,,,,,,,,,,,,,,,,,,,,,,,
,,,,,,,,,,,,,,,,,,,,,,,,,,,,,,,,,,,,,,,,,,,
,,,,,,,,,,,,,,,,,,,,,,,,,,,,,,,,,,,,,,,,,,,
,,,,,,,,,,,,,,,,,,,,,,,,,,,,,,,,,,,,,,,,,,,
,,,,,,,,,,,,,,,,,,,,,,,,,,,,,,,,,,,,,,,,,,,
,,,,,,,,,,,,,,,,,,,,,,,,,,,,,,,,,,,,,,,,,,,
,,,,,,,,,,,,,,,,,,,,,,,,,,,,,,,,,,,,,,,,,,,
,,,,,,,,,,,,,,,,,,,,,,,,,,,,,,,,,,,,,,,,,,,
,,,,,,,,,,,,,,,,,,,,,,,,,,,,,,,,,,,,,,,,,,,
,,,,,,,,,,,,,,,,,,,,,,,,,,,,,,,,,,,,,,,,,,,
,,,,,,,,,,,,,,,,,,,,,,,,,,,,,,,,,,,,,,,,,,,
,,,,,,,,,,,,,,,,,,,,,,,,,,,,,,,,,,,,,,,,,,,
,,,,,,,,,,,,,,,,,,,,,,,,,,,,,,,,,,,,,,,,,,,
,,,,,,,,,,,,,,,,,,,,,,,,,,,,,,,,,,,,,,,,,,,
,,,,,,,,,,,,,,,,,,,,,,,,,,,,,,,,,,,,,,,,,,,
,,,,,,,,,,,,,,,,,,,,,,,,,,,,,,,,,,,,,,,,,,,
,,,,,,,,,,,,,,,,,,,,,,,,,,,,,,,,,,,,,,,,,,,
,,,,,,,,,,,,,,,,,,,,,,,,,,,,,,,,,,,,,,,,,,,
,,,,,,,,,,,,,,,,,,,,,,,,,,,,,,,,,,,,,,,,,,,
,,,,,,,,,,,,,,,,,,,,,,,,,,,,,,,,,,,,,,,,,,,
,,,,,,,,,,,,,,,,,,,,,,,,,,,,,,,,,,,,,,,,,,,
,,,,,,,,,,,,,,,,,,,,,,,,,,,,,,,,,,,,,,,,,,,
,,,,,,,,,,,,,,,,,,,,,,,,,,,,,,,,,,,,,,,,,,,
,,,,,,,,,,,,,,,,,,,,,,,,,,,,,,,,,,,,,,,,,,,
,,,,,,,,,,,,,,,,,,,,,,,,,,,,,,,,,,,,,,,,,,,
,,,,,,,,,,,,,,,,,,,,,,,,,,,,,,,,,,,,,,,,,,,
,,,,,,,,,,,,,,,,,,,,,,,,,,,,,,,,,,,,,,,,,,,
,,,,,,,,,,,,,,,,,,,,,,,,,,,,,,,,,,,,,,,,,,,
,,,,,,,,,,,,,,,,,,,,,,,,,,,,,,,,,,,,,,,,,,,
,,,,,,,,,,,,,,,,,,,,,,,,,,,,,,,,,,,,,,,,,,,
,,,,,,,,,,,,,,,,,,,,,,,,,,,,,,,,,,,,,,,,,,,
,,,,,,,,,,,,,,,,,,,,,,,,,,,,,,,,,,,,,,,,,,,
,,,,,,,,,,,,,,,,,,,,,,,,,,,,,,,,,,,,,,,,,,,
,,,,,,,,,,,,,,,,,,,,,,,,,,,,,,,,,,,,,,,,,,,
,,,,,,,,,,,,,,,,,,,,,,,,,,,,,,,,,,,,,,,,,,,
,,,,,,,,,,,,,,,,,,,,,,,,,,,,,,,,,,,,,,,,,,,
,,,,,,,,,,,,,,,,,,,,,,,,,,,,,,,,,,,,,,,,,,,
,,,,,,,,,,,,,,,,,,,,,,,,,,,,,,,,,,,,,,,,,,,
,,,,,,,,,,,,,,,,,,,,,,,,,,,,,,,,,,,,,,,,,,,
,,,,,,,,,,,,,,,,,,,,,,,,,,,,,,,,,,,,,,,,,,,
,,,,,,,,,,,,,,,,,,,,,,,,,,,,,,,,,,,,,,,,,,,
,,,,,,,,,,,,,,,,,,,,,,,,,,,,,,,,,,,,,,,,,,,
,,,,,,,,,,,,,,,,,,,,,,,,,,,,,,,,,,,,,,,,,,,
,,,,,,,,,,,,,,,,,,,,,,,,,,,,,,,,,,,,,,,,,,,
,,,,,,,,,,,,,,,,,,,,,,,,,,,,,,,,,,,,,,,,,,,
,,,,,,,,,,,,,,,,,,,,,,,,,,,,,,,,,,,,,,,,,,,
,,,,,,,,,,,,,,,,,,,,,,,,,,,,,,,,,,,,,,,,,,,
,,,,,,,,,,,,,,,,,,,,,,,,,,,,,,,,,,,,,,,,,,,
,,,,,,,,,,,,,,,,,,,,,,,,,,,,,,,,,,,,,,,,,,,
,,,,,,,,,,,,,,,,,,,,,,,,,,,,,,,,,,,,,,,,,,,
,,,,,,,,,,,,,,,,,,,,,,,,,,,,,,,,,,,,,,,,,,,
,,,,,,,,,,,,,,,,,,,,,,,,,,,,,,,,,,,,,,,,,,,
,,,,,,,,,,,,,,,,,,,,,,,,,,,,,,,,,,,,,,,,,,,
,,,,,,,,,,,,,,,,,,,,,,,,,,,,,,,,,,,,,,,,,,,
,,,,,,,,,,,,,,,,,,,,,,,,,,,,,,,,,,,,,,,,,,,
,,,,,,,,,,,,,,,,,,,,,,,,,,,,,,,,,,,,,,,,,,,
,,,,,,,,,,,,,,,,,,,,,,,,,,,,,,,,,,,,,,,,,,,
,,,,,,,,,,,,,,,,,,,,,,,,,,,,,,,,,,,,,,,,,,,
,,,,,,,,,,,,,,,,,,,,,,,,,,,,,,,,,,,,,,,,,,,
,,,,,,,,,,,,,,,,,,,,,,,,,,,,,,,,,,,,,,,,,,,
,,,,,,,,,,,,,,,,,,,,,,,,,,,,,,,,,,,,,,,,,,,
,,,,,,,,,,,,,,,,,,,,,,,,,,,,,,,,,,,,,,,,,,,
,,,,,,,,,,,,,,,,,,,,,,,,,,,,,,,,,,,,,,,,,,,
,,,,,,,,,,,,,,,,,,,,,,,,,,,,,,,,,,,,,,,,,,,
,,,,,,,,,,,,,,,,,,,,,,,,,,,,,,,,,,,,,,,,,,,
,,,,,,,,,,,,,,,,,,,,,,,,,,,,,,,,,,,,,,,,,,,
,,,,,,,,,,,,,,,,,,,,,,,,,,,,,,,,,,,,,,,,,,,
,,,,,,,,,,,,,,,,,,,,,,,,,,,,,,,,,,,,,,,,,,,
,,,,,,,,,,,,,,,,,,,,,,,,,,,,,,,,,,,,,,,,,,,
,,,,,,,,,,,,,,,,,,,,,,,,,,,,,,,,,,,,,,,,,,,
,,,,,,,,,,,,,,,,,,,,,,,,,,,,,,,,,,,,,,,,,,,
,,,,,,,,,,,,,,,,,,,,,,,,,,,,,,,,,,,,,,,,,,,
,,,,,,,,,,,,,,,,,,,,,,,,,,,,,,,,,,,,,,,,,,,
,,,,,,,,,,,,,,,,,,,,,,,,,,,,,,,,,,,,,,,,,,,
,,,,,,,,,,,,,,,,,,,,,,,,,,,,,,,,,,,,,,,,,,,
,,,,,,,,,,,,,,,,,,,,,,,,,,,,,,,,,,,,,,,,,,,
,,,,,,,,,,,,,,,,,,,,,,,,,,,,,,,,,,,,,,,,,,,
,,,,,,,,,,,,,,,,,,,,,,,,,,,,,,,,,,,,,,,,,,,
,,,,,,,,,,,,,,,,,,,,,,,,,,,,,,,,,,,,,,,,,,,
,,,,,,,,,,,,,,,,,,,,,,,,,,,,,,,,,,,,,,,,,,,
,,,,,,,,,,,,,,,,,,,,,,,,,,,,,,,,,,,,,,,,,,,
,,,,,,,,,,,,,,,,,,,,,,,,,,,,,,,,,,,,,,,,,,,
,,,,,,,,,,,,,,,,,,,,,,,,,,,,,,,,,,,,,,,,,,,
,,,,,,,,,,,,,,,,,,,,,,,,,,,,,,,,,,,,,,,,,,,
,,,,,,,,,,,,,,,,,,,,,,,,,,,,,,,,,,,,,,,,,,,
,,,,,,,,,,,,,,,,,,,,,,,,,,,,,,,,,,,,,,,,,,,
,,,,,,,,,,,,,,,,,,,,,,,,,,,,,,,,,,,,,,,,,,,
,,,,,,,,,,,,,,,,,,,,,,,,,,,,,,,,,,,,,,,,,,,
,,,,,,,,,,,,,,,,,,,,,,,,,,,,,,,,,,,,,,,,,,,
,,,,,,,,,,,,,,,,,,,,,,,,,,,,,,,,,,,,,,,,,,,
,,,,,,,,,,,,,,,,,,,,,,,,,,,,,,,,,,,,,,,,,,,
,,,,,,,,,,,,,,,,,,,,,,,,,,,,,,,,,,,,,,,,,,,
,,,,,,,,,,,,,,,,,,,,,,,,,,,,,,,,,,,,,,,,,,,
,,,,,,,,,,,,,,,,,,,,,,,,,,,,,,,,,,,,,,,,,,,
,,,,,,,,,,,,,,,,,,,,,,,,,,,,,,,,,,,,,,,,,,,
,,,,,,,,,,,,,,,,,,,,,,,,,,,,,,,,,,,,,,,,,,,
,,,,,,,,,,,,,,,,,,,,,,,,,,,,,,,,,,,,,,,,,,,
,,,,,,,,,,,,,,,,,,,,,,,,,,,,,,,,,,,,,,,,,,,
,,,,,,,,,,,,,,,,,,,,,,,,,,,,,,,,,,,,,,,,,,,
,,,,,,,,,,,,,,,,,,,,,,,,,,,,,,,,,,,,,,,,,,,
,,,,,,,,,,,,,,,,,,,,,,,,,,,,,,,,,,,,,,,,,,,
,,,,,,,,,,,,,,,,,,,,,,,,,,,,,,,,,,,,,,,,,,,
,,,,,,,,,,,,,,,,,,,,,,,,,,,,,,,,,,,,,,,,,,,
,,,,,,,,,,,,,,,,,,,,,,,,,,,,,,,,,,,,,,,,,,,
,,,,,,,,,,,,,,,,,,,,,,,,,,,,,,,,,,,,,,,,,,,
,,,,,,,,,,,,,,,,,,,,,,,,,,,,,,,,,,,,,,,,,,,
,,,,,,,,,,,,,,,,,,,,,,,,,,,,,,,,,,,,,,,,,,,
,,,,,,,,,,,,,,,,,,,,,,,,,,,,,,,,,,,,,,,,,,,
,,,,,,,,,,,,,,,,,,,,,,,,,,,,,,,,,,,,,,,,,,,
,,,,,,,,,,,,,,,,,,,,,,,,,,,,,,,,,,,,,,,,,,,
,,,,,,,,,,,,,,,,,,,,,,,,,,,,,,,,,,,,,,,,,,,
,,,,,,,,,,,,,,,,,,,,,,,,,,,,,,,,,,,,,,,,,,,
,,,,,,,,,,,,,,,,,,,,,,,,,,,,,,,,,,,,,,,,,,,
,,,,,,,,,,,,,,,,,,,,,,,,,,,,,,,,,,,,,,,,,,,
,,,,,,,,,,,,,,,,,,,,,,,,,,,,,,,,,,,,,,,,,,,
,,,,,,,,,,,,,,,,,,,,,,,,,,,,,,,,,,,,,,,,,,,
,,,,,,,,,,,,,,,,,,,,,,,,,,,,,,,,,,,,,,,,,,,
,,,,,,,,,,,,,,,,,,,,,,,,,,,,,,,,,,,,,,,,,,,
,,,,,,,,,,,,,,,,,,,,,,,,,,,,,,,,,,,,,,,,,,,
,,,,,,,,,,,,,,,,,,,,,,,,,,,,,,,,,,,,,,,,,,,
,,,,,,,,,,,,,,,,,,,,,,,,,,,,,,,,,,,,,,,,,,,
,,,,,,,,,,,,,,,,,,,,,,,,,,,,,,,,,,,,,,,,,,,
,,,,,,,,,,,,,,,,,,,,,,,,,,,,,,,,,,,,,,,,,,,
,,,,,,,,,,,,,,,,,,,,,,,,,,,,,,,,,,,,,,,,,,,
,,,,,,,,,,,,,,,,,,,,,,,,,,,,,,,,,,,,,,,,,,,
,,,,,,,,,,,,,,,,,,,,,,,,,,,,,,,,,,,,,,,,,,,
,,,,,,,,,,,,,,,,,,,,,,,,,,,,,,,,,,,,,,,,,,,
,,,,,,,,,,,,,,,,,,,,,,,,,,,,,,,,,,,,,,,,,,,
,,,,,,,,,,,,,,,,,,,,,,,,,,,,,,,,,,,,,,,,,,,
,,,,,,,,,,,,,,,,,,,,,,,,,,,,,,,,,,,,,,,,,,,
,,,,,,,,,,,,,,,,,,,,,,,,,,,,,,,,,,,,,,,,,,,
,,,,,,,,,,,,,,,,,,,,,,,,,,,,,,,,,,,,,,,,,,,
,,,,,,,,,,,,,,,,,,,,,,,,,,,,,,,,,,,,,,,,,,,
,,,,,,,,,,,,,,,,,,,,,,,,,,,,,,,,,,,,,,,,,,,
,,,,,,,,,,,,,,,,,,,,,,,,,,,,,,,,,,,,,,,,,,,
,,,,,,,,,,,,,,,,,,,,,,,,,,,,,,,,,,,,,,,,,,,
,,,,,,,,,,,,,,,,,,,,,,,,,,,,,,,,,,,,,,,,,,,
,,,,,,,,,,,,,,,,,,,,,,,,,,,,,,,,,,,,,,,,,,,
,,,,,,,,,,,,,,,,,,,,,,,,,,,,,,,,,,,,,,,,,,,
,,,,,,,,,,,,,,,,,,,,,,,,,,,,,,,,,,,,,,,,,,,
,,,,,,,,,,,,,,,,,,,,,,,,,,,,,,,,,,,,,,,,,,,
,,,,,,,,,,,,,,,,,,,,,,,,,,,,,,,,,,,,,,,,,,,
,,,,,,,,,,,,,,,,,,,,,,,,,,,,,,,,,,,,,,,,,,,
,,,,,,,,,,,,,,,,,,,,,,,,,,,,,,,,,,,,,,,,,,,
,,,,,,,,,,,,,,,,,,,,,,,,,,,,,,,,,,,,,,,,,,,
,,,,,,,,,,,,,,,,,,,,,,,,,,,,,,,,,,,,,,,,,,,
,,,,,,,,,,,,,,,,,,,,,,,,,,,,,,,,,,,,,,,,,,,
,,,,,,,,,,,,,,,,,,,,,,,,,,,,,,,,,,,,,,,,,,,
,,,,,,,,,,,,,,,,,,,,,,,,,,,,,,,,,,,,,,,,,,,
,,,,,,,,,,,,,,,,,,,,,,,,,,,,,,,,,,,,,,,,,,,
,,,,,,,,,,,,,,,,,,,,,,,,,,,,,,,,,,,,,,,,,,,
,,,,,,,,,,,,,,,,,,,,,,,,,,,,,,,,,,,,,,,,,,,
,,,,,,,,,,,,,,,,,,,,,,,,,,,,,,,,,,,,,,,,,,,
,,,,,,,,,,,,,,,,,,,,,,,,,,,,,,,,,,,,,,,,,,,
,,,,,,,,,,,,,,,,,,,,,,,,,,,,,,,,,,,,,,,,,,,
,,,,,,,,,,,,,,,,,,,,,,,,,,,,,,,,,,,,,,,,,,,
,,,,,,,,,,,,,,,,,,,,,,,,,,,,,,,,,,,,,,,,,,,
,,,,,,,,,,,,,,,,,,,,,,,,,,,,,,,,,,,,,,,,,,,
,,,,,,,,,,,,,,,,,,,,,,,,,,,,,,,,,,,,,,,,,,,
,,,,,,,,,,,,,,,,,,,,,,,,,,,,,,,,,,,,,,,,,,,
,,,,,,,,,,,,,,,,,,,,,,,,,,,,,,,,,,,,,,,,,,,
,,,,,,,,,,,,,,,,,,,,,,,,,,,,,,,,,,,,,,,,,,,
,,,,,,,,,,,,,,,,,,,,,,,,,,,,,,,,,,,,,,,,,,,
,,,,,,,,,,,,,,,,,,,,,,,,,,,,,,,,,,,,,,,,,,,
,,,,,,,,,,,,,,,,,,,,,,,,,,,,,,,,,,,,,,,,,,,
,,,,,,,,,,,,,,,,,,,,,,,,,,,,,,,,,,,,,,,,,,,
,,,,,,,,,,,,,,,,,,,,,,,,,,,,,,,,,,,,,,,,,,,
,,,,,,,,,,,,,,,,,,,,,,,,,,,,,,,,,,,,,,,,,,,
,,,,,,,,,,,,,,,,,,,,,,,,,,,,,,,,,,,,,,,,,,,
,,,,,,,,,,,,,,,,,,,,,,,,,,,,,,,,,,,,,,,,,,,
,,,,,,,,,,,,,,,,,,,,,,,,,,,,,,,,,,,,,,,,,,,
,,,,,,,,,,,,,,,,,,,,,,,,,,,,,,,,,,,,,,,,,,,
,,,,,,,,,,,,,,,,,,,,,,,,,,,,,,,,,,,,,,,,,,,
,,,,,,,,,,,,,,,,,,,,,,,,,,,,,,,,,,,,,,,,,,,
,,,,,,,,,,,,,,,,,,,,,,,,,,,,,,,,,,,,,,,,,,,
,,,,,,,,,,,,,,,,,,,,,,,,,,,,,,,,,,,,,,,,,,,
,,,,,,,,,,,,,,,,,,,,,,,,,,,,,,,,,,,,,,,,,,,
,,,,,,,,,,,,,,,,,,,,,,,,,,,,,,,,,,,,,,,,,,,
,,,,,,,,,,,,,,,,,,,,,,,,,,,,,,,,,,,,,,,,,,,
,,,,,,,,,,,,,,,,,,,,,,,,,,,,,,,,,,,,,,,,,,,
,,,,,,,,,,,,,,,,,,,,,,,,,,,,,,,,,,,,,,,,,,,
,,,,,,,,,,,,,,,,,,,,,,,,,,,,,,,,,,,,,,,,,,,
,,,,,,,,,,,,,,,,,,,,,,,,,,,,,,,,,,,,,,,,,,,
,,,,,,,,,,,,,,,,,,,,,,,,,,,,,,,,,,,,,,,,,,,
,,,,,,,,,,,,,,,,,,,,,,,,,,,,,,,,,,,,,,,,,,,
,,,,,,,,,,,,,,,,,,,,,,,,,,,,,,,,,,,,,,,,,,,
,,,,,,,,,,,,,,,,,,,,,,,,,,,,,,,,,,,,,,,,,,,
,,,,,,,,,,,,,,,,,,,,,,,,,,,,,,,,,,,,,,,,,,,
,,,,,,,,,,,,,,,,,,,,,,,,,,,,,,,,,,,,,,,,,,,
,,,,,,,,,,,,,,,,,,,,,,,,,,,,,,,,,,,,,,,,,,,
,,,,,,,,,,,,,,,,,,,,,,,,,,,,,,,,,,,,,,,,,,,
,,,,,,,,,,,,,,,,,,,,,,,,,,,,,,,,,,,,,,,,,,,
,,,,,,,,,,,,,,,,,,,,,,,,,,,,,,,,,,,,,,,,,,,
,,,,,,,,,,,,,,,,,,,,,,,,,,,,,,,,,,,,,,,,,,,
,,,,,,,,,,,,,,,,,,,,,,,,,,,,,,,,,,,,,,,,,,,
,,,,,,,,,,,,,,,,,,,,,,,,,,,,,,,,,,,,,,,,,,,
,,,,,,,,,,,,,,,,,,,,,,,,,,,,,,,,,,,,,,,,,,,
,,,,,,,,,,,,,,,,,,,,,,,,,,,,,,,,,,,,,,,,,,,
,,,,,,,,,,,,,,,,,,,,,,,,,,,,,,,,,,,,,,,,,,,
,,,,,,,,,,,,,,,,,,,,,,,,,,,,,,,,,,,,,,,,,,,
,,,,,,,,,,,,,,,,,,,,,,,,,,,,,,,,,,,,,,,,,,,
,,,,,,,,,,,,,,,,,,,,,,,,,,,,,,,,,,,,,,,,,,,
,,,,,,,,,,,,,,,,,,,,,,,,,,,,,,,,,,,,,,,,,,,
,,,,,,,,,,,,,,,,,,,,,,,,,,,,,,,,,,,,,,,,,,,
,,,,,,,,,,,,,,,,,,,,,,,,,,,,,,,,,,,,,,,,,,,
,,,,,,,,,,,,,,,,,,,,,,,,,,,,,,,,,,,,,,,,,,,
,,,,,,,,,,,,,,,,,,,,,,,,,,,,,,,,,,,,,,,,,,,
,,,,,,,,,,,,,,,,,,,,,,,,,,,,,,,,,,,,,,,,,,,
,,,,,,,,,,,,,,,,,,,,,,,,,,,,,,,,,,,,,,,,,,,
,,,,,,,,,,,,,,,,,,,,,,,,,,,,,,,,,,,,,,,,,,,
,,,,,,,,,,,,,,,,,,,,,,,,,,,,,,,,,,,,,,,,,,,
,,,,,,,,,,,,,,,,,,,,,,,,,,,,,,,,,,,,,,,,,,,
,,,,,,,,,,,,,,,,,,,,,,,,,,,,,,,,,,,,,,,,,,,
,,,,,,,,,,,,,,,,,,,,,,,,,,,,,,,,,,,,,,,,,,,
,,,,,,,,,,,,,,,,,,,,,,,,,,,,,,,,,,,,,,,,,,,
,,,,,,,,,,,,,,,,,,,,,,,,,,,,,,,,,,,,,,,,,,,
,,,,,,,,,,,,,,,,,,,,,,,,,,,,,,,,,,,,,,,,,,,
,,,,,,,,,,,,,,,,,,,,,,,,,,,,,,,,,,,,,,,,,,,
,,,,,,,,,,,,,,,,,,,,,,,,,,,,,,,,,,,,,,,,,,,
,,,,,,,,,,,,,,,,,,,,,,,,,,,,,,,,,,,,,,,,,,,
,,,,,,,,,,,,,,,,,,,,,,,,,,,,,,,,,,,,,,,,,,,
,,,,,,,,,,,,,,,,,,,,,,,,,,,,,,,,,,,,,,,,,,,
,,,,,,,,,,,,,,,,,,,,,,,,,,,,,,,,,,,,,,,,,,,
,,,,,,,,,,,,,,,,,,,,,,,,,,,,,,,,,,,,,,,,,,,
,,,,,,,,,,,,,,,,,,,,,,,,,,,,,,,,,,,,,,,,,,,
,,,,,,,,,,,,,,,,,,,,,,,,,,,,,,,,,,,,,,,,,,,
,,,,,,,,,,,,,,,,,,,,,,,,,,,,,,,,,,,,,,,,,,,
,,,,,,,,,,,,,,,,,,,,,,,,,,,,,,,,,,,,,,,,,,,
,,,,,,,,,,,,,,,,,,,,,,,,,,,,,,,,,,,,,,,,,,,
,,,,,,,,,,,,,,,,,,,,,,,,,,,,,,,,,,,,,,,,,,,
,,,,,,,,,,,,,,,,,,,,,,,,,,,,,,,,,,,,,,,,,,,
,,,,,,,,,,,,,,,,,,,,,,,,,,,,,,,,,,,,,,,,,,,
,,,,,,,,,,,,,,,,,,,,,,,,,,,,,,,,,,,,,,,,,,,
,,,,,,,,,,,,,,,,,,,,,,,,,,,,,,,,,,,,,,,,,,,
,,,,,,,,,,,,,,,,,,,,,,,,,,,,,,,,,,,,,,,,,,,
,,,,,,,,,,,,,,,,,,,,,,,,,,,,,,,,,,,,,,,,,,,
,,,,,,,,,,,,,,,,,,,,,,,,,,,,,,,,,,,,,,,,,,,
,,,,,,,,,,,,,,,,,,,,,,,,,,,,,,,,,,,,,,,,,,,
,,,,,,,,,,,,,,,,,,,,,,,,,,,,,,,,,,,,,,,,,,,
,,,,,,,,,,,,,,,,,,,,,,,,,,,,,,,,,,,,,,,,,,,
,,,,,,,,,,,,,,,,,,,,,,,,,,,,,,,,,,,,,,,,,,,
,,,,,,,,,,,,,,,,,,,,,,,,,,,,,,,,,,,,,,,,,,,
,,,,,,,,,,,,,,,,,,,,,,,,,,,,,,,,,,,,,,,,,,,
,,,,,,,,,,,,,,,,,,,,,,,,,,,,,,,,,,,,,,,,,,,
,,,,,,,,,,,,,,,,,,,,,,,,,,,,,,,,,,,,,,,,,,,
,,,,,,,,,,,,,,,,,,,,,,,,,,,,,,,,,,,,,,,,,,,
,,,,,,,,,,,,,,,,,,,,,,,,,,,,,,,,,,,,,,,,,,,
,,,,,,,,,,,,,,,,,,,,,,,,,,,,,,,,,,,,,,,,,,,
,,,,,,,,,,,,,,,,,,,,,,,,,,,,,,,,,,,,,,,,,,,
,,,,,,,,,,,,,,,,,,,,,,,,,,,,,,,,,,,,,,,,,,,
,,,,,,,,,,,,,,,,,,,,,,,,,,,,,,,,,,,,,,,,,,,
,,,,,,,,,,,,,,,,,,,,,,,,,,,,,,,,,,,,,,,,,,,
,,,,,,,,,,,,,,,,,,,,,,,,,,,,,,,,,,,,,,,,,,,
,,,,,,,,,,,,,,,,,,,,,,,,,,,,,,,,,,,,,,,,,,,
,,,,,,,,,,,,,,,,,,,,,,,,,,,,,,,,,,,,,,,,,,,
,,,,,,,,,,,,,,,,,,,,,,,,,,,,,,,,,,,,,,,,,,,
,,,,,,,,,,,,,,,,,,,,,,,,,,,,,,,,,,,,,,,,,,,
,,,,,,,,,,,,,,,,,,,,,,,,,,,,,,,,,,,,,,,,,,,
,,,,,,,,,,,,,,,,,,,,,,,,,,,,,,,,,,,,,,,,,,,
,,,,,,,,,,,,,,,,,,,,,,,,,,,,,,,,,,,,,,,,,,,
,,,,,,,,,,,,,,,,,,,,,,,,,,,,,,,,,,,,,,,,,,,
,,,,,,,,,,,,,,,,,,,,,,,,,,,,,,,,,,,,,,,,,,,
,,,,,,,,,,,,,,,,,,,,,,,,,,,,,,,,,,,,,,,,,,,
,,,,,,,,,,,,,,,,,,,,,,,,,,,,,,,,,,,,,,,,,,,
,,,,,,,,,,,,,,,,,,,,,,,,,,,,,,,,,,,,,,,,,,,
,,,,,,,,,,,,,,,,,,,,,,,,,,,,,,,,,,,,,,,,,,,
,,,,,,,,,,,,,,,,,,,,,,,,,,,,,,,,,,,,,,,,,,,
,,,,,,,,,,,,,,,,,,,,,,,,,,,,,,,,,,,,,,,,,,,
,,,,,,,,,,,,,,,,,,,,,,,,,,,,,,,,,,,,,,,,,,,
,,,,,,,,,,,,,,,,,,,,,,,,,,,,,,,,,,,,,,,,,,,
,,,,,,,,,,,,,,,,,,,,,,,,,,,,,,,,,,,,,,,,,,,
,,,,,,,,,,,,,,,,,,,,,,,,,,,,,,,,,,,,,,,,,,,
,,,,,,,,,,,,,,,,,,,,,,,,,,,,,,,,,,,,,,,,,,,
,,,,,,,,,,,,,,,,,,,,,,,,,,,,,,,,,,,,,,,,,,,
,,,,,,,,,,,,,,,,,,,,,,,,,,,,,,,,,,,,,,,,,,,
,,,,,,,,,,,,,,,,,,,,,,,,,,,,,,,,,,,,,,,,,,,
,,,,,,,,,,,,,,,,,,,,,,,,,,,,,,,,,,,,,,,,,,,
,,,,,,,,,,,,,,,,,,,,,,,,,,,,,,,,,,,,,,,,,,,
,,,,,,,,,,,,,,,,,,,,,,,,,,,,,,,,,,,,,,,,,,,
,,,,,,,,,,,,,,,,,,,,,,,,,,,,,,,,,,,,,,,,,,,
,,,,,,,,,,,,,,,,,,,,,,,,,,,,,,,,,,,,,,,,,,,
,,,,,,,,,,,,,,,,,,,,,,,,,,,,,,,,,,,,,,,,,,,
,,,,,,,,,,,,,,,,,,,,,,,,,,,,,,,,,,,,,,,,,,,
,,,,,,,,,,,,,,,,,,,,,,,,,,,,,,,,,,,,,,,,,,,
,,,,,,,,,,,,,,,,,,,,,,,,,,,,,,,,,,,,,,,,,,,
,,,,,,,,,,,,,,,,,,,,,,,,,,,,,,,,,,,,,,,,,,,
,,,,,,,,,,,,,,,,,,,,,,,,,,,,,,,,,,,,,,,,,,,
,,,,,,,,,,,,,,,,,,,,,,,,,,,,,,,,,,,,,,,,,,,
,,,,,,,,,,,,,,,,,,,,,,,,,,,,,,,,,,,,,,,,,,,
,,,,,,,,,,,,,,,,,,,,,,,,,,,,,,,,,,,,,,,,,,,
,,,,,,,,,,,,,,,,,,,,,,,,,,,,,,,,,,,,,,,,,,,
,,,,,,,,,,,,,,,,,,,,,,,,,,,,,,,,,,,,,,,,,,,
,,,,,,,,,,,,,,,,,,,,,,,,,,,,,,,,,,,,,,,,,,,
,,,,,,,,,,,,,,,,,,,,,,,,,,,,,,,,,,,,,,,,,,,
,,,,,,,,,,,,,,,,,,,,,,,,,,,,,,,,,,,,,,,,,,,
,,,,,,,,,,,,,,,,,,,,,,,,,,,,,,,,,,,,,,,,,,,
,,,,,,,,,,,,,,,,,,,,,,,,,,,,,,,,,,,,,,,,,,,
,,,,,,,,,,,,,,,,,,,,,,,,,,,,,,,,,,,,,,,,,,,
,,,,,,,,,,,,,,,,,,,,,,,,,,,,,,,,,,,,,,,,,,,
,,,,,,,,,,,,,,,,,,,,,,,,,,,,,,,,,,,,,,,,,,,
,,,,,,,,,,,,,,,,,,,,,,,,,,,,,,,,,,,,,,,,,,,
,,,,,,,,,,,,,,,,,,,,,,,,,,,,,,,,,,,,,,,,,,,
,,,,,,,,,,,,,,,,,,,,,,,,,,,,,,,,,,,,,,,,,,,
,,,,,,,,,,,,,,,,,,,,,,,,,,,,,,,,,,,,,,,,,,,
,,,,,,,,,,,,,,,,,,,,,,,,,,,,,,,,,,,,,,,,,,,
,,,,,,,,,,,,,,,,,,,,,,,,,,,,,,,,,,,,,,,,,,,
,,,,,,,,,,,,,,,,,,,,,,,,,,,,,,,,,,,,,,,,,,,
,,,,,,,,,,,,,,,,,,,,,,,,,,,,,,,,,,,,,,,,,,,
,,,,,,,,,,,,,,,,,,,,,,,,,,,,,,,,,,,,,,,,,,,
,,,,,,,,,,,,,,,,,,,,,,,,,,,,,,,,,,,,,,,,,,,
,,,,,,,,,,,,,,,,,,,,,,,,,,,,,,,,,,,,,,,,,,,
,,,,,,,,,,,,,,,,,,,,,,,,,,,,,,,,,,,,,,,,,,,
,,,,,,,,,,,,,,,,,,,,,,,,,,,,,,,,,,,,,,,,,,,
,,,,,,,,,,,,,,,,,,,,,,,,,,,,,,,,,,,,,,,,,,,
,,,,,,,,,,,,,,,,,,,,,,,,,,,,,,,,,,,,,,,,,,,
,,,,,,,,,,,,,,,,,,,,,,,,,,,,,,,,,,,,,,,,,,,
,,,,,,,,,,,,,,,,,,,,,,,,,,,,,,,,,,,,,,,,,,,
,,,,,,,,,,,,,,,,,,,,,,,,,,,,,,,,,,,,,,,,,,,
,,,,,,,,,,,,,,,,,,,,,,,,,,,,,,,,,,,,,,,,,,,
,,,,,,,,,,,,,,,,,,,,,,,,,,,,,,,,,,,,,,,,,,,
,,,,,,,,,,,,,,,,,,,,,,,,,,,,,,,,,,,,,,,,,,,
,,,,,,,,,,,,,,,,,,,,,,,,,,,,,,,,,,,,,,,,,,,
,,,,,,,,,,,,,,,,,,,,,,,,,,,,,,,,,,,,,,,,,,,
,,,,,,,,,,,,,,,,,,,,,,,,,,,,,,,,,,,,,,,,,,,
,,,,,,,,,,,,,,,,,,,,,,,,,,,,,,,,,,,,,,,,,,,
,,,,,,,,,,,,,,,,,,,,,,,,,,,,,,,,,,,,,,,,,,,
,,,,,,,,,,,,,,,,,,,,,,,,,,,,,,,,,,,,,,,,,,,
,,,,,,,,,,,,,,,,,,,,,,,,,,,,,,,,,,,,,,,,,,,
,,,,,,,,,,,,,,,,,,,,,,,,,,,,,,,,,,,,,,,,,,,
,,,,,,,,,,,,,,,,,,,,,,,,,,,,,,,,,,,,,,,,,,,
,,,,,,,,,,,,,,,,,,,,,,,,,,,,,,,,,,,,,,,,,,,
,,,,,,,,,,,,,,,,,,,,,,,,,,,,,,,,,,,,,,,,,,,
,,,,,,,,,,,,,,,,,,,,,,,,,,,,,,,,,,,,,,,,,,,
,,,,,,,,,,,,,,,,,,,,,,,,,,,,,,,,,,,,,,,,,,,
,,,,,,,,,,,,,,,,,,,,,,,,,,,,,,,,,,,,,,,,,,,
,,,,,,,,,,,,,,,,,,,,,,,,,,,,,,,,,,,,,,,,,,,
,,,,,,,,,,,,,,,,,,,,,,,,,,,,,,,,,,,,,,,,,,,
,,,,,,,,,,,,,,,,,,,,,,,,,,,,,,,,,,,,,,,,,,,
,,,,,,,,,,,,,,,,,,,,,,,,,,,,,,,,,,,,,,,,,,,
,,,,,,,,,,,,,,,,,,,,,,,,,,,,,,,,,,,,,,,,,,,
,,,,,,,,,,,,,,,,,,,,,,,,,,,,,,,,,,,,,,,,,,,
,,,,,,,,,,,,,,,,,,,,,,,,,,,,,,,,,,,,,,,,,,,
,,,,,,,,,,,,,,,,,,,,,,,,,,,,,,,,,,,,,,,,,,,
,,,,,,,,,,,,,,,,,,,,,,,,,,,,,,,,,,,,,,,,,,,
,,,,,,,,,,,,,,,,,,,,,,,,,,,,,,,,,,,,,,,,,,,
,,,,,,,,,,,,,,,,,,,,,,,,,,,,,,,,,,,,,,,,,,,
,,,,,,,,,,,,,,,,,,,,,,,,,,,,,,,,,,,,,,,,,,,
,,,,,,,,,,,,,,,,,,,,,,,,,,,,,,,,,,,,,,,,,,,
,,,,,,,,,,,,,,,,,,,,,,,,,,,,,,,,,,,,,,,,,,,
,,,,,,,,,,,,,,,,,,,,,,,,,,,,,,,,,,,,,,,,,,,
,,,,,,,,,,,,,,,,,,,,,,,,,,,,,,,,,,,,,,,,,,,
,,,,,,,,,,,,,,,,,,,,,,,,,,,,,,,,,,,,,,,,,,,
,,,,,,,,,,,,,,,,,,,,,,,,,,,,,,,,,,,,,,,,,,,
,,,,,,,,,,,,,,,,,,,,,,,,,,,,,,,,,,,,,,,,,,,
,,,,,,,,,,,,,,,,,,,,,,,,,,,,,,,,,,,,,,,,,,,
,,,,,,,,,,,,,,,,,,,,,,,,,,,,,,,,,,,,,,,,,,,
,,,,,,,,,,,,,,,,,,,,,,,,,,,,,,,,,,,,,,,,,,,
,,,,,,,,,,,,,,,,,,,,,,,,,,,,,,,,,,,,,,,,,,,
,,,,,,,,,,,,,,,,,,,,,,,,,,,,,,,,,,,,,,,,,,,
,,,,,,,,,,,,,,,,,,,,,,,,,,,,,,,,,,,,,,,,,,,
,,,,,,,,,,,,,,,,,,,,,,,,,,,,,,,,,,,,,,,,,,,
,,,,,,,,,,,,,,,,,,,,,,,,,,,,,,,,,,,,,,,,,,,
,,,,,,,,,,,,,,,,,,,,,,,,,,,,,,,,,,,,,,,,,,,
,,,,,,,,,,,,,,,,,,,,,,,,,,,,,,,,,,,,,,,,,,,
,,,,,,,,,,,,,,,,,,,,,,,,,,,,,,,,,,,,,,,,,,,
,,,,,,,,,,,,,,,,,,,,,,,,,,,,,,,,,,,,,,,,,,,
,,,,,,,,,,,,,,,,,,,,,,,,,,,,,,,,,,,,,,,,,,,
,,,,,,,,,,,,,,,,,,,,,,,,,,,,,,,,,,,,,,,,,,,
,,,,,,,,,,,,,,,,,,,,,,,,,,,,,,,,,,,,,,,,,,,
,,,,,,,,,,,,,,,,,,,,,,,,,,,,,,,,,,,,,,,,,,,
,,,,,,,,,,,,,,,,,,,,,,,,,,,,,,,,,,,,,,,,,,,
,,,,,,,,,,,,,,,,,,,,,,,,,,,,,,,,,,,,,,,,,,,
,,,,,,,,,,,,,,,,,,,,,,,,,,,,,,,,,,,,,,,,,,,
,,,,,,,,,,,,,,,,,,,,,,,,,,,,,,,,,,,,,,,,,,,
,,,,,,,,,,,,,,,,,,,,,,,,,,,,,,,,,,,,,,,,,,,
,,,,,,,,,,,,,,,,,,,,,,,,,,,,,,,,,,,,,,,,,,,
,,,,,,,,,,,,,,,,,,,,,,,,,,,,,,,,,,,,,,,,,,,
,,,,,,,,,,,,,,,,,,,,,,,,,,,,,,,,,,,,,,,,,,,
,,,,,,,,,,,,,,,,,,,,,,,,,,,,,,,,,,,,,,,,,,,
,,,,,,,,,,,,,,,,,,,,,,,,,,,,,,,,,,,,,,,,,,,
,,,,,,,,,,,,,,,,,,,,,,,,,,,,,,,,,,,,,,,,,,,
,,,,,,,,,,,,,,,,,,,,,,,,,,,,,,,,,,,,,,,,,,,
,,,,,,,,,,,,,,,,,,,,,,,,,,,,,,,,,,,,,,,,,,,
,,,,,,,,,,,,,,,,,,,,,,,,,,,,,,,,,,,,,,,,,,,
,,,,,,,,,,,,,,,,,,,,,,,,,,,,,,,,,,,,,,,,,,,
,,,,,,,,,,,,,,,,,,,,,,,,,,,,,,,,,,,,,,,,,,,
,,,,,,,,,,,,,,,,,,,,,,,,,,,,,,,,,,,,,,,,,,,
,,,,,,,,,,,,,,,,,,,,,,,,,,,,,,,,,,,,,,,,,,,
,,,,,,,,,,,,,,,,,,,,,,,,,,,,,,,,,,,,,,,,,,,
,,,,,,,,,,,,,,,,,,,,,,,,,,,,,,,,,,,,,,,,,,,
,,,,,,,,,,,,,,,,,,,,,,,,,,,,,,,,,,,,,,,,,,,
,,,,,,,,,,,,,,,,,,,,,,,,,,,,,,,,,,,,,,,,,,,
,,,,,,,,,,,,,,,,,,,,,,,,,,,,,,,,,,,,,,,,,,,
,,,,,,,,,,,,,,,,,,,,,,,,,,,,,,,,,,,,,,,,,,,
,,,,,,,,,,,,,,,,,,,,,,,,,,,,,,,,,,,,,,,,,,,
,,,,,,,,,,,,,,,,,,,,,,,,,,,,,,,,,,,,,,,,,,,
,,,,,,,,,,,,,,,,,,,,,,,,,,,,,,,,,,,,,,,,,,,
,,,,,,,,,,,,,,,,,,,,,,,,,,,,,,,,,,,,,,,,,,,
,,,,,,,,,,,,,,,,,,,,,,,,,,,,,,,,,,,,,,,,,,,
,,,,,,,,,,,,,,,,,,,,,,,,,,,,,,,,,,,,,,,,,,,
,,,,,,,,,,,,,,,,,,,,,,,,,,,,,,,,,,,,,,,,,,,
,,,,,,,,,,,,,,,,,,,,,,,,,,,,,,,,,,,,,,,,,,,
,,,,,,,,,,,,,,,,,,,,,,,,,,,,,,,,,,,,,,,,,,,
,,,,,,,,,,,,,,,,,,,,,,,,,,,,,,,,,,,,,,,,,,,
,,,,,,,,,,,,,,,,,,,,,,,,,,,,,,,,,,,,,,,,,,,
,,,,,,,,,,,,,,,,,,,,,,,,,,,,,,,,,,,,,,,,,,,
,,,,,,,,,,,,,,,,,,,,,,,,,,,,,,,,,,,,,,,,,,,
,,,,,,,,,,,,,,,,,,,,,,,,,,,,,,,,,,,,,,,,,,,
,,,,,,,,,,,,,,,,,,,,,,,,,,,,,,,,,,,,,,,,,,,
,,,,,,,,,,,,,,,,,,,,,,,,,,,,,,,,,,,,,,,,,,,
,,,,,,,,,,,,,,,,,,,,,,,,,,,,,,,,,,,,,,,,,,,
,,,,,,,,,,,,,,,,,,,,,,,,,,,,,,,,,,,,,,,,,,,
,,,,,,,,,,,,,,,,,,,,,,,,,,,,,,,,,,,,,,,,,,,
,,,,,,,,,,,,,,,,,,,,,,,,,,,,,,,,,,,,,,,,,,,
,,,,,,,,,,,,,,,,,,,,,,,,,,,,,,,,,,,,,,,,,,,
,,,,,,,,,,,,,,,,,,,,,,,,,,,,,,,,,,,,,,,,,,,
,,,,,,,,,,,,,,,,,,,,,,,,,,,,,,,,,,,,,,,,,,,
,,,,,,,,,,,,,,,,,,,,,,,,,,,,,,,,,,,,,,,,,,,
,,,,,,,,,,,,,,,,,,,,,,,,,,,,,,,,,,,,,,,,,,,
,,,,,,,,,,,,,,,,,,,,,,,,,,,,,,,,,,,,,,,,,,,
,,,,,,,,,,,,,,,,,,,,,,,,,,,,,,,,,,,,,,,,,,,
,,,,,,,,,,,,,,,,,,,,,,,,,,,,,,,,,,,,,,,,,,,
,,,,,,,,,,,,,,,,,,,,,,,,,,,,,,,,,,,,,,,,,,,
,,,,,,,,,,,,,,,,,,,,,,,,,,,,,,,,,,,,,,,,,,,
,,,,,,,,,,,,,,,,,,,,,,,,,,,,,,,,,,,,,,,,,,,
,,,,,,,,,,,,,,,,,,,,,,,,,,,,,,,,,,,,,,,,,,,
,,,,,,,,,,,,,,,,,,,,,,,,,,,,,,,,,,,,,,,,,,,
,,,,,,,,,,,,,,,,,,,,,,,,,,,,,,,,,,,,,,,,,,,
,,,,,,,,,,,,,,,,,,,,,,,,,,,,,,,,,,,,,,,,,,,
,,,,,,,,,,,,,,,,,,,,,,,,,,,,,,,,,,,,,,,,,,,
,,,,,,,,,,,,,,,,,,,,,,,,,,,,,,,,,,,,,,,,,,,
,,,,,,,,,,,,,,,,,,,,,,,,,,,,,,,,,,,,,,,,,,,
,,,,,,,,,,,,,,,,,,,,,,,,,,,,,,,,,,,,,,,,,,,
,,,,,,,,,,,,,,,,,,,,,,,,,,,,,,,,,,,,,,,,,,,
,,,,,,,,,,,,,,,,,,,,,,,,,,,,,,,,,,,,,,,,,,,
,,,,,,,,,,,,,,,,,,,,,,,,,,,,,,,,,,,,,,,,,,,
,,,,,,,,,,,,,,,,,,,,,,,,,,,,,,,,,,,,,,,,,,,
,,,,,,,,,,,,,,,,,,,,,,,,,,,,,,,,,,,,,,,,,,,
,,,,,,,,,,,,,,,,,,,,,,,,,,,,,,,,,,,,,,,,,,,
,,,,,,,,,,,,,,,,,,,,,,,,,,,,,,,,,,,,,,,,,,,
,,,,,,,,,,,,,,,,,,,,,,,,,,,,,,,,,,,,,,,,,,,
,,,,,,,,,,,,,,,,,,,,,,,,,,,,,,,,,,,,,,,,,,,
,,,,,,,,,,,,,,,,,,,,,,,,,,,,,,,,,,,,,,,,,,,
,,,,,,,,,,,,,,,,,,,,,,,,,,,,,,,,,,,,,,,,,,,
,,,,,,,,,,,,,,,,,,,,,,,,,,,,,,,,,,,,,,,,,,,
,,,,,,,,,,,,,,,,,,,,,,,,,,,,,,,,,,,,,,,,,,,
,,,,,,,,,,,,,,,,,,,,,,,,,,,,,,,,,,,,,,,,,,,
,,,,,,,,,,,,,,,,,,,,,,,,,,,,,,,,,,,,,,,,,,,
,,,,,,,,,,,,,,,,,,,,,,,,,,,,,,,,,,,,,,,,,,,
,,,,,,,,,,,,,,,,,,,,,,,,,,,,,,,,,,,,,,,,,,,
,,,,,,,,,,,,,,,,,,,,,,,,,,,,,,,,,,,,,,,,,,,
,,,,,,,,,,,,,,,,,,,,,,,,,,,,,,,,,,,,,,,,,,,
,,,,,,,,,,,,,,,,,,,,,,,,,,,,,,,,,,,,,,,,,,,
,,,,,,,,,,,,,,,,,,,,,,,,,,,,,,,,,,,,,,,,,,,
,,,,,,,,,,,,,,,,,,,,,,,,,,,,,,,,,,,,,,,,,,,
,,,,,,,,,,,,,,,,,,,,,,,,,,,,,,,,,,,,,,,,,,,
,,,,,,,,,,,,,,,,,,,,,,,,,,,,,,,,,,,,,,,,,,,
,,,,,,,,,,,,,,,,,,,,,,,,,,,,,,,,,,,,,,,,,,,
,,,,,,,,,,,,,,,,,,,,,,,,,,,,,,,,,,,,,,,,,,,
,,,,,,,,,,,,,,,,,,,,,,,,,,,,,,,,,,,,,,,,,,,
,,,,,,,,,,,,,,,,,,,,,,,,,,,,,,,,,,,,,,,,,,,
,,,,,,,,,,,,,,,,,,,,,,,,,,,,,,,,,,,,,,,,,,,
,,,,,,,,,,,,,,,,,,,,,,,,,,,,,,,,,,,,,,,,,,,
,,,,,,,,,,,,,,,,,,,,,,,,,,,,,,,,,,,,,,,,,,,
,,,,,,,,,,,,,,,,,,,,,,,,,,,,,,,,,,,,,,,,,,,
,,,,,,,,,,,,,,,,,,,,,,,,,,,,,,,,,,,,,,,,,,,
,,,,,,,,,,,,,,,,,,,,,,,,,,,,,,,,,,,,,,,,,,,
,,,,,,,,,,,,,,,,,,,,,,,,,,,,,,,,,,,,,,,,,,,
,,,,,,,,,,,,,,,,,,,,,,,,,,,,,,,,,,,,,,,,,,,
,,,,,,,,,,,,,,,,,,,,,,,,,,,,,,,,,,,,,,,,,,,
,,,,,,,,,,,,,,,,,,,,,,,,,,,,,,,,,,,,,,,,,,,
,,,,,,,,,,,,,,,,,,,,,,,,,,,,,,,,,,,,,,,,,,,
,,,,,,,,,,,,,,,,,,,,,,,,,,,,,,,,,,,,,,,,,,,
,,,,,,,,,,,,,,,,,,,,,,,,,,,,,,,,,,,,,,,,,,,
,,,,,,,,,,,,,,,,,,,,,,,,,,,,,,,,,,,,,,,,,,,
,,,,,,,,,,,,,,,,,,,,,,,,,,,,,,,,,,,,,,,,,,,
,,,,,,,,,,,,,,,,,,,,,,,,,,,,,,,,,,,,,,,,,,,
,,,,,,,,,,,,,,,,,,,,,,,,,,,,,,,,,,,,,,,,,,,
,,,,,,,,,,,,,,,,,,,,,,,,,,,,,,,,,,,,,,,,,,,
,,,,,,,,,,,,,,,,,,,,,,,,,,,,,,,,,,,,,,,,,,,
,,,,,,,,,,,,,,,,,,,,,,,,,,,,,,,,,,,,,,,,,,,
,,,,,,,,,,,,,,,,,,,,,,,,,,,,,,,,,,,,,,,,,,,
,,,,,,,,,,,,,,,,,,,,,,,,,,,,,,,,,,,,,,,,,,,
,,,,,,,,,,,,,,,,,,,,,,,,,,,,,,,,,,,,,,,,,,,
,,,,,,,,,,,,,,,,,,,,,,,,,,,,,,,,,,,,,,,,,,,
,,,,,,,,,,,,,,,,,,,,,,,,,,,,,,,,,,,,,,,,,,,
,,,,,,,,,,,,,,,,,,,,,,,,,,,,,,,,,,,,,,,,,,,
,,,,,,,,,,,,,,,,,,,,,,,,,,,,,,,,,,,,,,,,,,,
,,,,,,,,,,,,,,,,,,,,,,,,,,,,,,,,,,,,,,,,,,,
,,,,,,,,,,,,,,,,,,,,,,,,,,,,,,,,,,,,,,,,,,,
,,,,,,,,,,,,,,,,,,,,,,,,,,,,,,,,,,,,,,,,,,,
,,,,,,,,,,,,,,,,,,,,,,,,,,,,,,,,,,,,,,,,,,,
,,,,,,,,,,,,,,,,,,,,,,,,,,,,,,,,,,,,,,,,,,,
,,,,,,,,,,,,,,,,,,,,,,,,,,,,,,,,,,,,,,,,,,,
,,,,,,,,,,,,,,,,,,,,,,,,,,,,,,,,,,,,,,,,,,,
,,,,,,,,,,,,,,,,,,,,,,,,,,,,,,,,,,,,,,,,,,,
,,,,,,,,,,,,,,,,,,,,,,,,,,,,,,,,,,,,,,,,,,,
,,,,,,,,,,,,,,,,,,,,,,,,,,,,,,,,,,,,,,,,,,,
,,,,,,,,,,,,,,,,,,,,,,,,,,,,,,,,,,,,,,,,,,,
,,,,,,,,,,,,,,,,,,,,,,,,,,,,,,,,,,,,,,,,,,,
,,,,,,,,,,,,,,,,,,,,,,,,,,,,,,,,,,,,,,,,,,,
,,,,,,,,,,,,,,,,,,,,,,,,,,,,,,,,,,,,,,,,,,,
,,,,,,,,,,,,,,,,,,,,,,,,,,,,,,,,,,,,,,,,,,,
,,,,,,,,,,,,,,,,,,,,,,,,,,,,,,,,,,,,,,,,,,,
,,,,,,,,,,,,,,,,,,,,,,,,,,,,,,,,,,,,,,,,,,,
,,,,,,,,,,,,,,,,,,,,,,,,,,,,,,,,,,,,,,,,,,,
,,,,,,,,,,,,,,,,,,,,,,,,,,,,,,,,,,,,,,,,,,,
,,,,,,,,,,,,,,,,,,,,,,,,,,,,,,,,,,,,,,,,,,,
,,,,,,,,,,,,,,,,,,,,,,,,,,,,,,,,,,,,,,,,,,,
,,,,,,,,,,,,,,,,,,,,,,,,,,,,,,,,,,,,,,,,,,,
,,,,,,,,,,,,,,,,,,,,,,,,,,,,,,,,,,,,,,,,,,,
,,,,,,,,,,,,,,,,,,,,,,,,,,,,,,,,,,,,,,,,,,,
,,,,,,,,,,,,,,,,,,,,,,,,,,,,,,,,,,,,,,,,,,,
,,,,,,,,,,,,,,,,,,,,,,,,,,,,,,,,,,,,,,,,,,,
,,,,,,,,,,,,,,,,,,,,,,,,,,,,,,,,,,,,,,,,,,,
,,,,,,,,,,,,,,,,,,,,,,,,,,,,,,,,,,,,,,,,,,,
,,,,,,,,,,,,,,,,,,,,,,,,,,,,,,,,,,,,,,,,,,,
,,,,,,,,,,,,,,,,,,,,,,,,,,,,,,,,,,,,,,,,,,,
,,,,,,,,,,,,,,,,,,,,,,,,,,,,,,,,,,,,,,,,,,,
,,,,,,,,,,,,,,,,,,,,,,,,,,,,,,,,,,,,,,,,,,,
,,,,,,,,,,,,,,,,,,,,,,,,,,,,,,,,,,,,,,,,,,,
,,,,,,,,,,,,,,,,,,,,,,,,,,,,,,,,,,,,,,,,,,,
,,,,,,,,,,,,,,,,,,,,,,,,,,,,,,,,,,,,,,,,,,,
,,,,,,,,,,,,,,,,,,,,,,,,,,,,,,,,,,,,,,,,,,,
,,,,,,,,,,,,,,,,,,,,,,,,,,,,,,,,,,,,,,,,,,,
,,,,,,,,,,,,,,,,,,,,,,,,,,,,,,,,,,,,,,,,,,,
,,,,,,,,,,,,,,,,,,,,,,,,,,,,,,,,,,,,,,,,,,,
